CNPJ_Companhia;Data_Referencia;Versao;ID_Documento;Valor_Mobiliario;Sigla_Classe_Acao_Preferencial;Classe_Acao_Preferencial;Codigo_Negociacao;Composicao_BDR_Unit;Mercado;Sigla_Entidade_Administradora;Entidade_Administradora;Data_Inicio_Negociacao;Data_Fim_Negociacao;Segmento;Data_Inicio_Listagem;Data_Fim_Listagem
00.000.000/0001-91;01/01/2020;3;98962;Ações Ordinárias;;;BBAS3;;Bolsa;B3;B3 S.A. - Brasil, Bolsa, Balcão.;31/05/2006;;Novo Mercado;20/07/1977;
00.000.208/0001-00;01/01/2020;3;97055;Ações Ordinárias;;;BSLI03;;Bolsa;B3;B3 S.A. - Brasil, Bolsa, Balcão.;01/01/2010;;Básico;24/09/1993;
00.000.208/0001-00;01/01/2020;3;97055;Ações Preferenciais;;;BSLI04;;Bolsa;B3;B3 S.A. - Brasil, Bolsa, Balcão.;01/01/2010;;Básico;24/09/1993;
00.001.180/0001-26;01/01/2020;3;99808;Ações Ordinárias;;;ELET3;;Bolsa;B3;B3 S.A. - Brasil, Bolsa, Balcão.;29/09/2006;;Nível 1 de Governança Corporativa;07/09/1971;
00.001.180/0001-26;01/01/2020;3;99808;Ações Preferenciais;PNB;Preferencial Classe B;ELET6;;Bolsa;B3;B3 S.A. - Brasil, Bolsa, Balcão.;29/09/2006;;Nível 1 de Governança Corporativa;13/11/1974;
00.001.180/0001-26;01/01/2020;3;99808;Ações Preferenciais;PNA;Preferencial Classe A;ELET5;;Bolsa;B3;B3 S.A. - Brasil, Bolsa, Balcão.;29/09/2006;;Nível 1 de Governança Corporativa;13/11/1974;
00.070.698/0001-11;01/01/2020;2;96548;Ações Ordinárias;;;CEBR3;;Bolsa;B3;B3 S.A. - Brasil, Bolsa, Balcão.;04/07/1994;;Básico;04/07/1994;
00.070.698/0001-11;01/01/2020;2;96548;Ações Preferenciais;PNB;Preferencial Classe B;CEBR6;;Bolsa;B3;B3 S.A. - Brasil, Bolsa, Balcão.;04/07/1994;;Básico;04/07/1994;
00.070.698/0001-11;01/01/2020;2;96548;Ações Preferenciais;PNA;Preferencial Classe A;CEBR5;;Bolsa;B3;B3 S.A. - Brasil, Bolsa, Balcão.;04/07/1994;;Básico;04/07/1994;
00.272.185/0001-93;01/01/2020;1;95345;Ações Ordinárias;;;CMFA3;;Bolsa;B3;B3 S.A. - Brasil, Bolsa, Balcão.;14/03/1995;;Básico;14/03/1995;
00.272.185/0001-93;01/01/2020;1;95345;Ações Preferenciais;;;CMFA4;;Bolsa;B3;B3 S.A. - Brasil, Bolsa, Balcão.;14/03/1995;;Básico;14/03/1995;
00.336.701/0001-04;01/01/2020;2;100102;Ações Ordinárias;;;TELB3;;Bolsa;B3;B3 S.A. - Brasil, Bolsa, Balcão.;09/03/1989;;Básico;28/02/1989;
00.336.701/0001-04;01/01/2020;2;100102;Ações Preferenciais;PNA;Preferencial Classe A;TELB4;;Bolsa;B3;B3 S.A. - Brasil, Bolsa, Balcão.;09/03/1989;;Básico;28/02/1989;
00.359.742/0001-08;01/01/2020;1;92202;Ações Ordinárias;;;ATOM3;;Bolsa;B3;B3 S.A. - Brasil, Bolsa, Balcão.;28/02/1996;;Nível 2 de Governança Corporativa;28/02/1996;
00.416.968/0001-01;01/01/2020;1;90654;Ações Ordinárias;;;BIDI3;;Bolsa;B3;B3 S.A. - Brasil, Bolsa, Balcão.;19/07/2019;;Nível 2 de Governança Corporativa;30/04/2018;
00.416.968/0001-01;01/01/2020;1;90654;Ações Preferenciais;PNA;Preferencial Classe A;BIDI4;;Bolsa;B3;B3 S.A. - Brasil, Bolsa, Balcão.;11/05/2018;;Nível 2 de Governança Corporativa;30/04/2018;
00.416.968/0001-01;01/01/2020;1;90654;Units;;;BIDI11;1 PN + 3 Recibos de Subscrição;Bolsa;B3;B3 S.A. - Brasil, Bolsa, Balcão.;30/04/2018;10/05/2018;Nível 1 de Governança Corporativa;30/04/2018;
00.416.968/0001-01;01/01/2020;1;90654;Units;;;BIDI11;1 ON + 2 PN;Bolsa;B3;B3 S.A. - Brasil, Bolsa, Balcão.;19/07/2019;;Nível 2 de Governança Corporativa;30/04/2018;
00.622.416/0001-41;01/01/2020;1;90341;Ações Ordinárias;;;STKF3;;Bolsa;B3;B3 S.A. - Brasil, Bolsa, Balcão.;03/10/2011;27/09/2018;Bovespa Mais;19/09/2011;
00.622.416/0001-41;01/01/2020;1;90341;Ações Ordinárias;;;STKF3;;Bolsa;B3;B3 S.A. - Brasil, Bolsa, Balcão.;28/09/2018;;Básico;19/09/2011;
00.776.574/0001-56;01/01/2020;1;93607;Ações Ordinárias;;;BTOW3;;Bolsa;B3;B3 S.A. - Brasil, Bolsa, Balcão.;08/08/2007;;Novo Mercado;08/08/2007;
00.864.214/0001-06;01/01/2020;4;100112;Ações Ordinárias;;;ENGI3;;Bolsa;B3;B3 S.A. - Brasil, Bolsa, Balcão.;20/12/1995;;Nível 2 de Governança Corporativa;20/12/1995;
00.864.214/0001-06;01/01/2020;4;100112;Ações Preferenciais;;;ENGI4;;Bolsa;B3;B3 S.A. - Brasil, Bolsa, Balcão.;20/12/1995;;Nível 2 de Governança Corporativa;20/12/1995;
00.864.214/0001-06;01/01/2020;4;100112;Units;;;ENGI11;1 ação ordinária e 4 ações preferenciais;Bolsa;B3;B3 S.A. - Brasil, Bolsa, Balcão.;20/12/1995;;Nível 2 de Governança Corporativa;20/12/1995;
00.924.429/0001-75;01/01/2020;1;95642;Ações Ordinárias;;;VSPT3;;Bolsa;B3;B3 S.A. - Brasil, Bolsa, Balcão.;14/02/1996;;Básico;14/02/1996;
00.924.429/0001-75;01/01/2020;1;95642;Ações Preferenciais;;;VSPT4;;Bolsa;B3;B3 S.A. - Brasil, Bolsa, Balcão.;14/02/1996;;Básico;14/02/1996;
01.027.058/0001-91;01/01/2020;1;90608;Ações Ordinárias;;;CIEL3;;Bolsa;B3;B3 S.A. - Brasil, Bolsa, Balcão.;26/06/2009;;Nível 1 de Governança Corporativa;26/06/2009;
01.083.200/0001-18;01/01/2020;2;91278;Ações Ordinárias;;;NEOE3;;Bolsa;B3;B3 S.A. - Brasil, Bolsa, Balcão.;01/07/2019;;Novo Mercado;01/07/2019;
01.104.937/0001-70;01/01/2020;2;94773;Ações Ordinárias;;;LIPR3;;Bolsa;B3;B3 S.A. - Brasil, Bolsa, Balcão.;30/09/1996;;Básico;30/09/1996;
01.107.327/0001-20;01/01/2020;1;90897;Ações Ordinárias;;;BBM;;Bolsa;B3;B3 S.A. - Brasil, Bolsa, Balcão.;11/03/2019;;Bovespa Mais;27/02/2019;
01.545.826/0001-07;01/01/2020;1;91350;Ações Ordinárias;;;GAFS3;;Bolsa;B3;B3 S.A. - Brasil, Bolsa, Balcão.;16/02/2006;;Novo Mercado;16/02/2006;
01.548.981/0001-79;01/01/2020;3;97953;Ações Ordinárias;;;FIGE3;;Bolsa;B3;B3 S.A. - Brasil, Bolsa, Balcão.;20/07/1977;;Básico;20/07/1977;
01.548.981/0001-79;01/01/2020;3;97953;Ações Preferenciais;;;FIGE4;;Bolsa;B3;B3 S.A. - Brasil, Bolsa, Balcão.;20/07/1977;;Básico;20/07/1977;
01.838.723/0001-27;01/01/2020;1;95241;Ações Ordinárias;;;BRFS3;;Bolsa;B3;B3 S.A. - Brasil, Bolsa, Balcão.;17/02/2006;;Novo Mercado;17/02/2006;
01.896.779/0001-38;01/01/2020;2;96518;Ações Ordinárias;;;CARD3;;Bolsa;B3;B3 S.A. - Brasil, Bolsa, Balcão.;25/04/2006;;Novo Mercado;25/04/2006;
01.938.783/0001-11;01/01/2020;1;91403;Ações Ordinárias;;;PEAB3;;Bolsa;B3;B3 S.A. - Brasil, Bolsa, Balcão.;26/07/2000;;Básico;26/07/2000;
01.938.783/0001-11;01/01/2020;1;91403;Ações Preferenciais;;;PEAB4;;Bolsa;B3;B3 S.A. - Brasil, Bolsa, Balcão.;26/07/2000;;Básico;26/07/2000;
01.971.614/0001-83;01/01/2020;1;90652;Ações Ordinárias;;;ECPR3;;Bolsa;B3;B3 S.A. - Brasil, Bolsa, Balcão.;07/10/1997;;Básico;07/10/1997;
01.971.614/0001-83;01/01/2020;1;90652;Ações Preferenciais;;;ECPR4;;Bolsa;B3;B3 S.A. - Brasil, Bolsa, Balcão.;07/10/1997;;Básico;07/10/1997;
02.149.205/0001-69;01/01/2020;1;90316;Ações Ordinárias;;;PSSA3;;Bolsa;B3;B3 S.A. - Brasil, Bolsa, Balcão.;22/11/2004;;Novo Mercado;22/11/2004;
02.193.750/0001-52;01/01/2020;5;103019;Ações Ordinárias;;;GPCP3;;Bolsa;B3;B3 S.A. - Brasil, Bolsa, Balcão.;21/11/1997;;Básico;20/11/1997;
02.193.750/0001-52;01/01/2020;5;103019;Ações Preferenciais;PNA;Preferencial Classe A;GPCP4;;Bolsa;B3;B3 S.A. - Brasil, Bolsa, Balcão.;18/11/2016;;Básico;18/11/2016;
02.302.101/0001-42;01/01/2020;6;99838;Ações Ordinárias;;;EMAE3;;Bolsa;B3;B3 S.A. - Brasil, Bolsa, Balcão.;31/03/1998;;Básico;27/03/1998;
02.302.101/0001-42;01/01/2020;6;99838;Ações Preferenciais;;;EMAE4;;Bolsa;B3;B3 S.A. - Brasil, Bolsa, Balcão.;31/03/1998;;Básico;27/03/1998;
02.328.280/0001-97;01/01/2020;1;90682;Ações Ordinárias;;;EKTR3;;Bolsa;B3;B3 S.A. - Brasil, Bolsa, Balcão.;08/07/1998;;Nível 2 de Governança Corporativa;08/07/1998;
02.328.280/0001-97;01/01/2020;1;90682;Ações Preferenciais;;;EKTR4;;Bolsa;B3;B3 S.A. - Brasil, Bolsa, Balcão.;08/07/1998;;Nível 2 de Governança Corporativa;08/07/1998;
02.351.144/0001-18;01/01/2020;2;91666;Ações Ordinárias;;;tgma3;;Bolsa;B3;B3 S.A. - Brasil, Bolsa, Balcão.;03/08/2007;;Novo Mercado;03/08/2007;
02.351.877/0001-52;01/01/2020;1;94722;Ações Ordinárias;;;LWSA3;;Bolsa;B3;B3 S.A. - Brasil, Bolsa, Balcão.;06/02/2020;;Novo Mercado;06/02/2020;
02.365.069/0001-44;01/01/2020;3;100211;Ações Ordinárias;;;PDTC3;;Bolsa;B3;B3 S.A. - Brasil, Bolsa, Balcão.;08/01/2018;;Básico;08/06/2000;
02.387.241/0001-60;01/01/2020;1;94848;Ações Ordinárias;;;RAIL3;;Bolsa;B3;B3 S.A. - Brasil, Bolsa, Balcão.;01/04/2015;;Novo Mercado;01/04/2015;
02.421.421/0001-11;01/01/2020;2;99440;Ações Ordinárias;;;TIMS3;;Bolsa;B3;B3 S.A. - Brasil, Bolsa, Balcão.;13/10/2020;;Novo Mercado;13/10/2020;
02.429.144/0001-93;01/01/2020;1;93365;Ações Ordinárias;;;CPFE3;;Bolsa;B3;B3 S.A. - Brasil, Bolsa, Balcão.;29/09/2004;;Novo Mercado;29/09/2004;
02.474.103/0001-19;01/01/2020;3;92624;Ações Ordinárias;;;EGIE3;;Bolsa;B3;B3 S.A. - Brasil, Bolsa, Balcão.;16/11/2005;;Novo Mercado;28/05/1998;
02.558.115/0001-21;01/01/2020;1;94241;Ações Ordinárias;;;TIMP3;;Bolsa;B3;B3 S.A. - Brasil, Bolsa, Balcão.;03/08/2011;;Novo Mercado;21/09/1998;
02.558.157/0001-62;01/01/2020;2;98889;Ações Ordinárias;;;VIVT3;;Bolsa;B3;B3 S.A. - Brasil, Bolsa, Balcão.;19/08/1998;;Básico;19/08/1998;
02.762.115/0001-49;01/01/2020;4;97557;Ações Ordinárias;;;MMXM3;;Bolsa;B3;B3 S.A. - Brasil, Bolsa, Balcão.;24/07/2006;;Novo Mercado;24/07/2006;
02.762.121/0001-04;01/01/2020;1;96408;Ações Ordinárias;;;STPB3;;Bolsa;B3;B3 S.A. - Brasil, Bolsa, Balcão.;22/09/2016;;Novo Mercado;22/09/2016;
02.800.026/0001-40;01/01/2020;3;103023;Ações Ordinárias;;;COGN3;;Bolsa;B3;B3 S.A. - Brasil, Bolsa, Balcão.;30/11/2012;;Novo Mercado;23/07/2007;
02.846.056/0001-97;01/01/2020;1;90345;Ações Ordinárias;;;CCRO3;;Bolsa;B3;B3 S.A. - Brasil, Bolsa, Balcão.;31/01/2002;;Novo Mercado;31/01/2002;
02.860.694/0001-62;01/01/2020;4;102674;Ações Ordinárias;;;SHOW3;;Bolsa;B3;B3 S.A. - Brasil, Bolsa, Balcão.;11/04/2011;;Novo Mercado;11/04/2011;
02.916.265/0001-60;01/01/2020;1;93640;Ações Ordinárias;;;JBSS3;;Bolsa;B3;B3 S.A. - Brasil, Bolsa, Balcão.;29/03/2007;;Novo Mercado;29/03/2007;
02.932.074/0001-91;01/01/2020;1;93778;Ações Ordinárias;;;HYPE3;;Bolsa;B3;B3 S.A. - Brasil, Bolsa, Balcão.;17/04/2008;;Novo Mercado;17/04/2008;
02.950.811/0001-89;01/01/2020;3;96448;Ações Ordinárias;;;PDGR3;;Bolsa;B3;B3 S.A. - Brasil, Bolsa, Balcão.;26/01/2007;;Novo Mercado;26/01/2007;
02.998.301/0001-81;01/01/2020;2;99273;Ações Ordinárias;;;GEPA3;;Bolsa;B3;B3 S.A. - Brasil, Bolsa, Balcão.;26/07/1999;;Básico;26/07/1999;
02.998.301/0001-81;01/01/2020;2;99273;Ações Preferenciais;;;GEPA4;;Bolsa;B3;B3 S.A. - Brasil, Bolsa, Balcão.;26/07/1999;;Básico;26/07/1999;
02.998.611/0001-04;01/01/2020;2;94172;Ações Ordinárias;;;TRPL3;;Bolsa;B3;B3 S.A. - Brasil, Bolsa, Balcão.;18/09/2002;;Nível 1 de Governança Corporativa;18/09/2002;
02.998.611/0001-04;01/01/2020;2;94172;Ações Preferenciais;PNA;Preferencial Classe A;TRPL4;;Bolsa;B3;B3 S.A. - Brasil, Bolsa, Balcão.;18/09/2002;;Nível 1 de Governança Corporativa;18/09/2002;
03.014.553/0001-91;01/01/2020;3;92652;Ações Ordinárias;;;TPIS3;;Bolsa;B3;B3 S.A. - Brasil, Bolsa, Balcão.;20/07/2007;;Novo Mercado;20/07/2007;
03.220.438/0001-73;01/01/2020;1;95500;Ações Ordinárias;;;EQTL3;;Bolsa;B3;B3 S.A. - Brasil, Bolsa, Balcão.;23/04/2008;;Novo Mercado;03/04/2006;
03.303.999/0001-36;01/01/2020;2;94745;Ações Ordinárias;;;DTCY3;;Bolsa;B3;B3 S.A. - Brasil, Bolsa, Balcão.;31/12/2000;;Básico;31/12/2000;
03.378.521/0001-75;01/01/2020;3;99300;Ações Ordinárias;;;LIGT3;;Bolsa;B3;B3 S.A. - Brasil, Bolsa, Balcão.;12/12/2005;;Novo Mercado;12/12/2005;
03.467.321/0001-99;01/01/2020;4;100126;Ações Ordinárias;;;ENMT3;;Bolsa;B3;B3 S.A. - Brasil, Bolsa, Balcão.;25/10/1994;;Básico;25/10/1994;
03.467.321/0001-99;01/01/2020;4;100126;Ações Preferenciais;;;ENMT4;;Bolsa;B3;B3 S.A. - Brasil, Bolsa, Balcão.;25/10/1994;;Básico;25/10/1994;
03.847.461/0001-92;01/01/2020;1;91027;Ações Ordinárias;;;BRAP3;;Bolsa;B3;B3 S.A. - Brasil, Bolsa, Balcão.;26/06/2001;;Nível 1 de Governança Corporativa;10/08/2000;
03.847.461/0001-92;01/01/2020;1;91027;Ações Preferenciais;;;BRAP4;;Bolsa;B3;B3 S.A. - Brasil, Bolsa, Balcão.;26/06/2001;;Nível 1 de Governança Corporativa;10/08/2000;
03.853.896/0001-40;01/01/2020;1;91762;Ações Ordinárias;;;ADR;;Bolsa;B3;B3 S.A. - Brasil, Bolsa, Balcão.;29/06/2007;;Novo Mercado;29/06/2007;
03.983.431/0001-03;01/01/2020;1;91059;Ações Ordinárias;;;ENBR3;;Bolsa;B3;B3 S.A. - Brasil, Bolsa, Balcão.;05/07/2005;;Novo Mercado;05/07/2005;
04.032.433/0001-80;01/01/2020;5;96582;Ações Ordinárias;;;ATMP3;;Bolsa;B3;B3 S.A. - Brasil, Bolsa, Balcão.;21/07/2016;;Novo Mercado;21/07/2016;
04.065.791/0001-99;01/01/2020;1;93504;Ações Ordinárias;;;SQIA3;;Bolsa;B3;B3 S.A. - Brasil, Bolsa, Balcão.;17/08/2017;;Novo Mercado;10/05/2012;
04.128.563/0001-10;01/01/2020;2;100100;Ações Ordinárias;;;TIET11;;Bolsa;B3;B3 S.A. - Brasil, Bolsa, Balcão.;04/01/2016;;Nível 2 de Governança Corporativa;04/01/2016;
04.149.454/0001-80;01/01/2020;1;92966;Ações Ordinárias;;;ECOR3;;Bolsa;B3;B3 S.A. - Brasil, Bolsa, Balcão.;01/04/2010;;Novo Mercado;01/04/2010;
04.423.567/0001-21;01/01/2020;2;94907;Ações Ordinárias;;;ENEV3;;Bolsa;B3;B3 S.A. - Brasil, Bolsa, Balcão.;14/12/2007;;Novo Mercado;14/12/2007;
04.752.991/0001-10;01/01/2020;2;99591;Ações Ordinárias;;;BIOM3;;Bolsa;B3;B3 S.A. - Brasil, Bolsa, Balcão.;02/01/2014;;Bovespa Mais;02/01/2014;
04.821.041/0001-08;01/01/2020;1;93209;Ações Ordinárias;;;FRIO3;;Bolsa;B3;B3 S.A. - Brasil, Bolsa, Balcão.;13/04/2007;;Novo Mercado;13/04/2007;
04.895.728/0001-80;01/01/2020;2;96502;Ações Ordinárias;;;CELP3;;Bolsa;B3;B3 S.A. - Brasil, Bolsa, Balcão.;05/08/1999;;Básico;05/08/1999;
04.895.728/0001-80;01/01/2020;2;96502;Ações Preferenciais;PNC;Preferencial Classe C;CELP7;;Bolsa;B3;B3 S.A. - Brasil, Bolsa, Balcão.;05/08/1999;;Básico;05/08/1999;
04.895.728/0001-80;01/01/2020;2;96502;Ações Preferenciais;PNA;Preferencial Classe A;CELP5;;Bolsa;B3;B3 S.A. - Brasil, Bolsa, Balcão.;05/08/1999;;Básico;05/08/1999;
04.895.728/0001-80;01/01/2020;2;96502;Ações Preferenciais;PNB;Preferencial Classe B;CELP6;;Bolsa;B3;B3 S.A. - Brasil, Bolsa, Balcão.;05/08/1999;;Básico;05/08/1999;
04.902.979/0001-44;01/01/2020;3;97998;Ações Ordinárias;;;BAZA3;;Bolsa;B3;B3 S.A. - Brasil, Bolsa, Balcão.;20/07/1977;;Básico;20/07/1977;
04.913.711/0001-08;01/01/2020;2;90808;Ações Ordinárias;;;BPAR3;;Bolsa;B3;B3 S.A. - Brasil, Bolsa, Balcão.;20/07/1977;;Básico;20/07/1977;
04.986.320/0001-13;01/01/2020;1;90826;Ações Ordinárias;;;SEER3;;Bolsa;B3;B3 S.A. - Brasil, Bolsa, Balcão.;29/10/2013;;Novo Mercado;29/10/2013;
05.197.443/0001-38;01/01/2020;1;94406;Ações Ordinárias;;;HAPV3;;Bolsa;B3;B3 S.A. - Brasil, Bolsa, Balcão.;25/04/2018;;Novo Mercado;25/04/2018;
05.730.375/0001-20;01/01/2020;4;95584;Ações Ordinárias;;;SMLS3;;Bolsa;B3;B3 S.A. - Brasil, Bolsa, Balcão.;23/10/2017;;Novo Mercado;23/10/2017;
05.799.312/0001-20;01/01/2020;2;96512;Ações Ordinárias;;;TESA3;;Bolsa;B3;B3 S.A. - Brasil, Bolsa, Balcão.;22/11/2006;;Novo Mercado;22/11/2006;
05.878.397/0001-32;01/01/2020;2;93006;Ações Ordinárias;;;ALSO3;;Bolsa;B3;B3 S.A. - Brasil, Bolsa, Balcão.;02/02/2011;;Novo Mercado;02/02/2011;
06.047.087/0001-39;01/01/2020;3;99195;Ações Ordinárias;;;RDOR3;;Bolsa;B3;B3 S.A. - Brasil, Bolsa, Balcão.;10/12/2020;;Novo Mercado;10/12/2020;
06.164.253/0001-87;01/01/2020;2;95505;Ações Preferenciais;;;GOLL4;;Bolsa;B3;B3 S.A. - Brasil, Bolsa, Balcão.;23/06/2004;;Nível 2 de Governança Corporativa;23/06/2004;
06.948.969/0001-75;01/01/2020;2;95845;Ações Ordinárias;;;LINX3;;Bolsa;B3;B3 S.A. - Brasil, Bolsa, Balcão.;08/02/2013;;Novo Mercado;08/02/2013;
06.977.745/0001-91;01/01/2020;1;91499;Ações Ordinárias;;;BRML3;;Bolsa;B3;B3 S.A. - Brasil, Bolsa, Balcão.;04/01/2006;;Novo Mercado;04/01/2006;
06.977.751/0001-49;01/01/2020;2;93773;Ações Ordinárias;;;BR3;;Bolsa;B3;B3 S.A. - Brasil, Bolsa, Balcão.;07/10/2010;;Novo Mercado;07/10/2010;
06.981.381/0001-13;01/01/2020;5;99826;Ações Ordinárias;;;CTCA3;;Bolsa;B3;B3 S.A. - Brasil, Bolsa, Balcão.;30/08/2016;;Bovespa Mais;30/08/2016;
07.047.251/0001-70;01/01/2020;2;102111;Ações Ordinárias;;;COCE3;;Bolsa;B3;B3 S.A. - Brasil, Bolsa, Balcão.;09/10/1995;;Básico;09/10/1995;
07.047.251/0001-70;01/01/2020;2;102111;Ações Preferenciais;PNA;Preferencial Classe A;COCE5;;Bolsa;B3;B3 S.A. - Brasil, Bolsa, Balcão.;09/10/1995;;Básico;09/10/1995;
07.206.816/0001-15;01/01/2020;1;95519;Ações Ordinárias;;;MDIA3;;Bolsa;B3;B3 S.A. - Brasil, Bolsa, Balcão.;18/10/2006;;Novo Mercado;18/10/2006;
07.237.373/0001-20;01/01/2020;3;95696;Ações Ordinárias;;;BNBR3;;Bolsa;B3;B3 S.A. - Brasil, Bolsa, Balcão.;02/05/1968;;Básico;02/05/1968;
07.415.333/0001-20;01/01/2020;4;97562;Ações Ordinárias;;;SIMH3;;Bolsa;B3;B3 S.A. - Brasil, Bolsa, Balcão.;18/09/2020;;Novo Mercado;11/09/2020;
07.526.557/0001-00;01/01/2020;3;97971;Ações Ordinárias;;;ABEV3;;Bolsa;B3;B3 S.A. - Brasil, Bolsa, Balcão.;11/11/2013;;Básico;31/10/2013;
07.594.978/0001-78;01/01/2020;1;96434;Ações Ordinárias;;;SMFT3;;Bolsa;B3;B3 S.A. - Brasil, Bolsa, Balcão.;26/02/2018;;Bovespa Mais N2;15/02/2018;
07.628.528/0001-59;01/01/2020;1;95008;Ações Ordinárias;;;AGRO3;;Bolsa;B3;B3 S.A. - Brasil, Bolsa, Balcão.;02/05/2006;;Novo Mercado;02/05/2006;
07.689.002/0001-89;01/01/2020;3;93811;Ações Ordinárias;;;EMBR3;;Bolsa;B3;B3 S.A. - Brasil, Bolsa, Balcão.;23/05/2006;;Novo Mercado;23/05/2006;
07.718.269/0001-57;01/01/2020;1;90649;Ações Ordinárias;;;SGPS3;;Bolsa;B3;B3 S.A. - Brasil, Bolsa, Balcão.;01/01/2010;;Novo Mercado;01/01/2010;
07.816.890/0001-53;01/01/2020;1;91006;Ações Ordinárias;;;MULT3;;Bolsa;B3;B3 S.A. - Brasil, Bolsa, Balcão.;27/07/2007;;Nível 2 de Governança Corporativa;27/07/2007;
07.820.907/0001-46;01/01/2020;1;92725;Ações Ordinárias;;;CRDE3;;Bolsa;B3;B3 S.A. - Brasil, Bolsa, Balcão.;04/03/2020;;Básico;23/04/2007;
07.820.907/0001-46;01/01/2020;1;92725;Ações Ordinárias;;;CRDE3;;Bolsa;B3;B3 S.A. - Brasil, Bolsa, Balcão.;23/04/2007;03/03/2020;Novo Mercado;23/04/2007;
07.859.971/0001-30;01/01/2020;3;98045;Ações Ordinárias;;;TAEE3;;Bolsa;B3;B3 S.A. - Brasil, Bolsa, Balcão.;27/10/2006;;Nível 2 de Governança Corporativa;26/10/2006;
07.859.971/0001-30;01/01/2020;3;98045;Ações Preferenciais;;;TAEE4;;Bolsa;B3;B3 S.A. - Brasil, Bolsa, Balcão.;27/10/2006;;Nível 2 de Governança Corporativa;26/10/2006;
07.859.971/0001-30;01/01/2020;3;98045;Units;;;TAEE11;1 ON / 2 PN;Bolsa;B3;B3 S.A. - Brasil, Bolsa, Balcão.;27/10/2006;;Nível 2 de Governança Corporativa;26/10/2006;
07.882.930/0001-65;01/01/2020;4;93519;Ações Ordinárias;;;MTRE3;;Bolsa;B3;B3 S.A. - Brasil, Bolsa, Balcão.;05/02/2020;;Novo Mercado;03/02/2020;
07.950.674/0001-04;01/01/2020;1;95897;Ações Ordinárias;;;CCXC3;;Bolsa;B3;B3 S.A. - Brasil, Bolsa, Balcão.;21/12/2012;;Novo Mercado;21/12/2012;
08.065.557/0001-12;01/01/2020;1;90609;Ações Ordinárias;;;TCSA3;;Bolsa;B3;B3 S.A. - Brasil, Bolsa, Balcão.;01/02/2007;;Novo Mercado;01/02/2007;
08.078.847/0001-09;01/01/2020;2;96800;Ações Ordinárias;;;LPSB3;;Bolsa;B3;B3 S.A. - Brasil, Bolsa, Balcão.;18/12/2006;;Novo Mercado;18/12/2006;
08.159.965/0001-33;01/01/2020;1;94981;Ações Ordinárias;;;23175;;Bolsa;B3;B3 S.A. - Brasil, Bolsa, Balcão.;13/05/2013;;Bovespa Mais;13/05/2013;
08.294.224/0001-65;01/01/2020;1;93654;Ações Ordinárias;;;JHSF3;;Bolsa;B3;B3 S.A. - Brasil, Bolsa, Balcão.;11/04/2007;;Novo Mercado;11/04/2007;
08.312.229/0001-73;01/01/2020;1;93304;Ações Ordinárias;;;EZTC3;;Bolsa;B3;B3 S.A. - Brasil, Bolsa, Balcão.;20/06/2007;;Novo Mercado;20/06/2007;
08.324.196/0001-81;01/01/2020;2;91207;Ações Ordinárias;;;CSRN3;;Bolsa;B3;B3 S.A. - Brasil, Bolsa, Balcão.;17/05/1999;;Básico;17/05/1999;
08.324.196/0001-81;01/01/2020;2;91207;Ações Preferenciais;PNB;Preferencial Classe B;CSRN6;;Bolsa;B3;B3 S.A. - Brasil, Bolsa, Balcão.;17/05/1999;;Básico;17/05/1999;
08.324.196/0001-81;01/01/2020;2;91207;Ações Preferenciais;PNA;Preferencial Classe A;CSRN5;;Bolsa;B3;B3 S.A. - Brasil, Bolsa, Balcão.;17/05/1999;;Básico;17/05/1999;
08.343.492/0001-20;01/01/2020;1;95164;Ações Ordinárias;;;MRVE3;;Bolsa;B3;B3 S.A. - Brasil, Bolsa, Balcão.;23/07/2007;;Novo Mercado;19/07/2007;
08.364.948/0001-38;01/01/2020;1;95433;Units;;;ALUP11;1 ON E 2 PN;Bolsa;B3;B3 S.A. - Brasil, Bolsa, Balcão.;23/04/2013;;Nível 2 de Governança Corporativa;23/04/2013;
08.402.943/0001-52;01/01/2020;2;96992;Ações Ordinárias;;;GUAR3;;Bolsa;B3;B3 S.A. - Brasil, Bolsa, Balcão.;14/05/1973;;Básico;03/01/1972;
08.467.115/0001-00;01/01/2020;3;93121;Ações Ordinárias;;;CEED3;;Bolsa;B3;B3 S.A. - Brasil, Bolsa, Balcão.;23/12/2010;;Nível 1 de Governança Corporativa;23/12/2010;
08.467.115/0001-00;01/01/2020;3;93121;Ações Preferenciais;;;CEED4;;Bolsa;B3;B3 S.A. - Brasil, Bolsa, Balcão.;23/12/2010;;Nível 1 de Governança Corporativa;23/12/2010;
08.534.605/0001-74;01/01/2020;1;95515;Units;;;RNEW11;1 ação ON + 2 ações PN;Bolsa;B3;B3 S.A. - Brasil, Bolsa, Balcão.;13/07/2010;;Nível 2 de Governança Corporativa;13/07/2010;
08.560.444/0001-93;01/01/2020;2;94015;Ações Ordinárias;;;GPAR3;;Bolsa;B3;B3 S.A. - Brasil, Bolsa, Balcão.;14/03/2008;;Básico;14/03/2008;
08.574.411/0001-00;01/01/2020;1;96417;Ações Ordinárias;;;PTCA3;;Bolsa;B3;B3 S.A. - Brasil, Bolsa, Balcão.;04/10/2018;;Bovespa Mais N2;27/09/2018;
08.574.411/0001-00;01/01/2020;1;96417;Ações Preferenciais;;;PTCA11;;Bolsa;B3;B3 S.A. - Brasil, Bolsa, Balcão.;04/10/2018;;Bovespa Mais N2;27/09/2018;
08.613.550/0001-98;01/01/2020;4;99599;Ações Ordinárias;;;BBRK3;;Bolsa;B3;B3 S.A. - Brasil, Bolsa, Balcão.;29/10/2007;;Novo Mercado;29/10/2007;
08.764.621/0001-53;01/01/2020;1;93302;Ações Ordinárias;;;GSHP3;;Bolsa;B3;B3 S.A. - Brasil, Bolsa, Balcão.;27/07/2007;;Novo Mercado;27/07/2007;
08.795.211/0001-70;01/01/2020;1;94885;Ações Ordinárias;;;MSRO3;;Bolsa;B3;B3 S.A. - Brasil, Bolsa, Balcão.;28/05/2015;;Bovespa Mais;28/05/2015;
08.797.760/0001-83;01/01/2020;3;97222;Ações Ordinárias;;;CURY3;;Bolsa;B3;B3 S.A. - Brasil, Bolsa, Balcão.;21/09/2020;;Novo Mercado;17/09/2020;
08.807.432/0001-10;01/01/2020;3;100348;Ações Ordinárias;;;YDUQ3;;Bolsa;B3;B3 S.A. - Brasil, Bolsa, Balcão.;13/06/2008;;Novo Mercado;30/07/2007;
08.811.643/0001-27;01/01/2020;2;99809;Ações Ordinárias;;;TRIS3;;Bolsa;B3;B3 S.A. - Brasil, Bolsa, Balcão.;15/10/2007;;Novo Mercado;15/10/2007;
08.926.302/0001-05;01/01/2020;1;94897;Ações Ordinárias;;;DMMO;;Bolsa;B3;B3 S.A. - Brasil, Bolsa, Balcão.;29/12/2014;;Básico;17/09/2014;
09.041.168/0001-10;01/01/2020;2;94647;Ações Ordinárias;;;LOGG3;;Bolsa;B3;B3 S.A. - Brasil, Bolsa, Balcão.;21/12/2018;;Novo Mercado;21/12/2018;
09.042.817/0001-05;01/01/2020;3;100222;Ações Ordinárias;;;BMOB3;;Bolsa;B3;B3 S.A. - Brasil, Bolsa, Balcão.;10/02/2021;;Novo Mercado;10/02/2021;
09.083.175/0001-84;01/01/2020;2;99937;Ações Ordinárias;;;MOSI3;;Bolsa;B3;B3 S.A. - Brasil, Bolsa, Balcão.;04/02/2021;;Novo Mercado;04/02/2021;
09.112.685/0001-32;01/01/2020;2;99093;Ações Ordinárias;;;OSXB3;;Bolsa;B3;B3 S.A. - Brasil, Bolsa, Balcão.;22/03/2010;;Novo Mercado;22/03/2010;
09.114.805/0001-30;01/01/2020;2;100152;Ações Ordinárias;;;OPCT3;;Bolsa;B3;B3 S.A. - Brasil, Bolsa, Balcão.;12/02/2021;;Novo Mercado;12/02/2021;
09.149.503/0001-06;01/01/2020;1;94208;Ações Ordinárias;;;OMGE3;;Bolsa;B3;B3 S.A. - Brasil, Bolsa, Balcão.;31/07/2017;;Novo Mercado;31/07/2017;
09.288.252/0001-32;01/01/2020;3;100539;Ações Ordinárias;;;ANIM3;;Bolsa;B3;B3 S.A. - Brasil, Bolsa, Balcão.;28/10/2013;;Novo Mercado;28/10/2013;
09.295.063/0001-97;01/01/2020;1;95206;Ações Ordinárias;;;TECN3;;Bolsa;B3;B3 S.A. - Brasil, Bolsa, Balcão.;01/07/2011;;Novo Mercado;01/07/2011;
09.305.994/0001-29;01/01/2020;1;93637;Ações Preferenciais;;;AZUL4;;Bolsa;B3;B3 S.A. - Brasil, Bolsa, Balcão.;11/04/2017;;Nível 2 de Governança Corporativa;11/04/2017;
09.346.601/0001-25;01/01/2020;2;99851;Ações Ordinárias;;;B3SA3;;Bolsa;B3;B3 S.A. - Brasil, Bolsa, Balcão.;20/08/2008;;Novo Mercado;11/08/2008;
09.611.768/0001-76;01/01/2020;3;97000;Ações Ordinárias;;;INNT3;;Bolsa;B3;B3 S.A. - Brasil, Bolsa, Balcão.;02/03/2018;;Bovespa Mais;26/02/2018;
10.215.988/0001-60;01/01/2020;5;100261;Ações Ordinárias;;;LCAM3;;Bolsa;B3;B3 S.A. - Brasil, Bolsa, Balcão.;23/04/2012;;Novo Mercado;23/04/2012;
10.285.590/0001-08;01/01/2020;6;100998;Ações Ordinárias;;;SOMA3;;Bolsa;B3;B3 S.A. - Brasil, Bolsa, Balcão.;31/07/2020;;Novo Mercado;31/07/2020;
10.338.320/0001-00;01/01/2020;2;91341;Ações Ordinárias;;;AFLT3;;Bolsa;B3;B3 S.A. - Brasil, Bolsa, Balcão.;25/10/2010;;Básico;25/10/2010;
10.345.009/0001-98;01/01/2020;1;95480;Ações Ordinárias;;;21725;;Bolsa;B3;B3 S.A. - Brasil, Bolsa, Balcão.;17/12/2009;;Básico;17/12/2009;
10.629.105/0001-68;01/01/2020;2;98187;Ações Ordinárias;;;PRIO3;;Bolsa;B3;B3 S.A. - Brasil, Bolsa, Balcão.;25/10/2010;;Novo Mercado;25/10/2010;
10.760.260/0001-19;01/01/2020;1;90483;Ações Ordinárias;;;CVCB3;;Bolsa;B3;B3 S.A. - Brasil, Bolsa, Balcão.;09/12/2013;;Novo Mercado;09/12/2013;
10.807.374/0001-77;01/01/2020;1;97766;Ações Ordinárias;;;-;;Bolsa;B3;B3 S.A. - Brasil, Bolsa, Balcão.;21/10/2020;;Novo Mercado;21/10/2020;
10.835.932/0001-08;01/01/2020;3;91821;Ações Ordinárias;;;CEPE3;;Bolsa;B3;B3 S.A. - Brasil, Bolsa, Balcão.;27/05/1998;;Básico;27/05/1998;
10.835.932/0001-08;01/01/2020;3;91821;Ações Preferenciais;PNA;Preferencial Classe A;CEPE5;;Bolsa;B3;B3 S.A. - Brasil, Bolsa, Balcão.;27/05/1998;;Básico;27/05/1998;
10.835.932/0001-08;01/01/2020;3;91821;Ações Preferenciais;PNB;Preferencial Classe B;CEPE6;;Bolsa;B3;B3 S.A. - Brasil, Bolsa, Balcão.;27/05/1998;;Básico;27/05/1998;
10.851.805/0001-00;01/01/2020;1;95441;Ações Ordinárias;;;FLEX;;Bolsa;B3;B3 S.A. - Brasil, Bolsa, Balcão.;01/03/2018;;Bovespa Mais;01/03/2018;
11.284.204/0001-18;01/01/2020;5;96825;Ações Ordinárias;;;YOUC3;;Bolsa;B3;B3 S.A. - Brasil, Bolsa, Balcão.;03/08/2020;;Novo Mercado;03/08/2020;
11.395.624/0001-71;01/01/2020;1;97022;Ações Ordinárias;;;BPHA3;;Bolsa;B3;B3 S.A. - Brasil, Bolsa, Balcão.;22/06/2011;;Novo Mercado;22/06/2011;
11.421.994/0001-36;01/01/2020;3;100219;Ações Ordinárias;;;ORVR3;;Bolsa;B3;B3 S.A. - Brasil, Bolsa, Balcão.;17/02/2021;;Novo Mercado;17/02/2021;
11.669.021/0001-10;01/01/2020;1;91408;Ações Ordinárias;;;ENAT3;;Bolsa;B3;B3 S.A. - Brasil, Bolsa, Balcão.;11/02/2011;;Novo Mercado;11/02/2011;
11.721.921/0001-60;01/01/2020;2;99589;Ações Ordinárias;;;APER3;;Bolsa;B3;B3 S.A. - Brasil, Bolsa, Balcão.;28/10/2010;;Novo Mercado;28/10/2010;
11.992.680/0001-93;01/01/2020;3;102074;Ações Ordinárias;;;QUAL3;;Bolsa;B3;B3 S.A. - Brasil, Bolsa, Balcão.;28/06/2011;;Novo Mercado;28/06/2011;
12.049.631/0001-84;01/01/2020;3;92267;Ações Ordinárias;;;MDNE3;;Bolsa;B3;B3 S.A. - Brasil, Bolsa, Balcão.;13/02/2020;;Novo Mercado;10/02/2020;
12.091.809/0001-55;01/01/2020;3;98701;Ações Ordinárias;;;RRRP3;;Bolsa;B3;B3 S.A. - Brasil, Bolsa, Balcão.;12/11/2020;;Novo Mercado;12/11/2020;
12.108.897/0001-50;01/01/2020;3;96956;Ações Ordinárias;;;DMVF3;;Bolsa;B3;B3 S.A. - Brasil, Bolsa, Balcão.;10/08/2020;;Novo Mercado;10/08/2020;
12.181.987/0001-77;01/01/2020;5;102226;Ações Ordinárias;;;MELK3;;Bolsa;B3;B3 S.A. - Brasil, Bolsa, Balcão.;28/09/2020;;Novo Mercado;28/09/2020;
12.528.708/0001-07;01/01/2020;3;99804;Ações Ordinárias;;;AERI3;;Bolsa;B3;B3 S.A. - Brasil, Bolsa, Balcão.;11/11/2020;;Novo Mercado;11/11/2020;
12.648.266/0001-24;01/01/2020;4;98073;Ações Ordinárias;;;AMBP3;;Bolsa;B3;B3 S.A. - Brasil, Bolsa, Balcão.;13/07/2020;;Novo Mercado;13/07/2020;
12.648.327/0001-53;01/01/2020;2;97525;Ações Ordinárias;;;HBSA3;;Bolsa;B3;B3 S.A. - Brasil, Bolsa, Balcão.;24/09/2020;;Novo Mercado;24/09/2020;
13.009.717/0001-46;01/01/2020;2;99020;Ações Ordinárias;;;BGIP3;;Bolsa;B3;B3 S.A. - Brasil, Bolsa, Balcão.;20/07/1977;;Básico;20/07/1977;
13.009.717/0001-46;01/01/2020;2;99020;Ações Preferenciais;;;BGIP4;;Bolsa;B3;B3 S.A. - Brasil, Bolsa, Balcão.;20/07/1977;;Básico;20/07/1977;
13.217.485/0001-11;01/01/2020;2;99243;Ações Ordinárias;;;CNTO3;;Bolsa;B3;B3 S.A. - Brasil, Bolsa, Balcão.;17/04/2019;;Novo Mercado;17/04/2019;
13.574.594/0001-96;01/01/2020;1;94731;Ações Ordinárias;;;BKBR3;;Bolsa;B3;B3 S.A. - Brasil, Bolsa, Balcão.;18/12/2017;;Novo Mercado;18/12/2017;
13.788.120/0001-47;01/01/2020;1;90580;Ações Ordinárias;;;ELEK3;;Bolsa;B3;B3 S.A. - Brasil, Bolsa, Balcão.;16/02/1987;;Básico;16/02/1987;
13.788.120/0001-47;01/01/2020;1;90580;Ações Preferenciais;;;ELEK4;;Bolsa;B3;B3 S.A. - Brasil, Bolsa, Balcão.;16/02/1987;;Básico;16/02/1987;
14.110.585/0001-07;01/01/2020;3;98412;Ações Ordinárias;;;CASH3;;Bolsa;B3;B3 S.A. - Brasil, Bolsa, Balcão.;05/11/2020;;Novo Mercado;04/11/2020;
14.776.142/0001-50;01/01/2020;3;100562;Ações Ordinárias;;;WEST3;;Bolsa;B3;B3 S.A. - Brasil, Bolsa, Balcão.;11/02/2021;;Novo Mercado;11/02/2021;
14.785.152/0001-51;01/01/2020;4;102164;Ações Ordinárias;;;HBRE3;;Bolsa;B3;B3 S.A. - Brasil, Bolsa, Balcão.;26/01/2021;;Novo Mercado;26/01/2021;
14.807.945/0001-24;01/01/2020;1;95395;Ações Ordinárias;;;SNSY3;;Bolsa;B3;B3 S.A. - Brasil, Bolsa, Balcão.;06/05/1986;;Básico;06/05/1986;
14.807.945/0001-24;01/01/2020;1;95395;Ações Preferenciais;PNA;Preferencial Classe A;SNSY5;;Bolsa;B3;B3 S.A. - Brasil, Bolsa, Balcão.;06/05/1986;;Básico;06/05/1986;
14.807.945/0001-24;01/01/2020;1;95395;Ações Preferenciais;PNB;Preferencial Classe B;SNSY6;;Bolsa;B3;B3 S.A. - Brasil, Bolsa, Balcão.;06/05/1986;;Básico;06/05/1986;
15.101.405/0001-93;01/01/2020;1;90724;Ações Ordinárias;;;CORR3;;Bolsa;B3;B3 S.A. - Brasil, Bolsa, Balcão.;20/07/1977;;Básico;20/07/1977;
15.101.405/0001-93;01/01/2020;1;90724;Ações Preferenciais;PNA;Preferencial Classe A;CORR4;;Bolsa;B3;B3 S.A. - Brasil, Bolsa, Balcão.;20/07/1977;;Básico;20/07/1977;
15.115.504/0001-24;01/01/2020;1;90501;Ações Ordinárias;;;CRPG3;;Bolsa;B3;B3 S.A. - Brasil, Bolsa, Balcão.;23/12/1970;;Básico;23/12/1970;
15.115.504/0001-24;01/01/2020;1;90501;Ações Preferenciais;PNB;Preferencial Classe B;CRPG6;;Bolsa;B3;B3 S.A. - Brasil, Bolsa, Balcão.;23/12/1970;;Básico;23/12/1970;
15.115.504/0001-24;01/01/2020;1;90501;Ações Preferenciais;PNA;Preferencial Classe A;CRPG5;;Bolsa;B3;B3 S.A. - Brasil, Bolsa, Balcão.;23/12/1970;;Básico;23/12/1970;
15.139.629/0001-94;01/01/2020;2;91166;Ações Ordinárias;;;CEEB3;;Bolsa;B3;B3 S.A. - Brasil, Bolsa, Balcão.;23/05/1995;;Básico;28/07/1994;
15.139.629/0001-94;01/01/2020;2;91166;Ações Preferenciais;PNA;Preferencial Classe A;CEEB5;;Bolsa;B3;B3 S.A. - Brasil, Bolsa, Balcão.;23/05/1995;;Básico;28/07/1994;
15.139.629/0001-94;01/01/2020;2;91166;Ações Preferenciais;PNB;Preferencial Classe B;CEEB6;;Bolsa;B3;B3 S.A. - Brasil, Bolsa, Balcão.;23/05/1995;;Básico;28/07/1994;
15.141.799/0001-03;01/01/2020;2;95731;Ações Ordinárias;;;FESA3;;Bolsa;B3;B3 S.A. - Brasil, Bolsa, Balcão.;05/01/2011;;Nível 1 de Governança Corporativa;01/01/1977;
15.141.799/0001-03;01/01/2020;2;95731;Ações Preferenciais;;;FESA4;;Bolsa;B3;B3 S.A. - Brasil, Bolsa, Balcão.;05/01/2011;;Nível 1 de Governança Corporativa;01/01/1977;
15.144.017/0001-90;01/01/2020;3;99952;Ações Ordinárias;;;CSAB3;;Bolsa;B3;B3 S.A. - Brasil, Bolsa, Balcão.;20/07/1977;;Básico;20/07/1977;
15.144.017/0001-90;01/01/2020;3;99952;Ações Preferenciais;;;CSAB4;;Bolsa;B3;B3 S.A. - Brasil, Bolsa, Balcão.;20/07/1977;;Básico;20/07/1977;
15.527.906/0001-36;01/01/2020;1;93631;Ações Ordinárias;;;BSEV3;;Bolsa;B3;B3 S.A. - Brasil, Bolsa, Balcão.;19/04/2013;;Novo Mercado;19/04/2013;
16.404.287/0001-55;01/01/2020;2;93899;Ações Ordinárias;;;SUZB3;;Bolsa;B3;B3 S.A. - Brasil, Bolsa, Balcão.;10/11/2017;;Novo Mercado;26/07/2004;
16.590.234/0001-76;01/01/2020;3;98920;Ações Ordinárias;;;ARZZ3;;Bolsa;B3;B3 S.A. - Brasil, Bolsa, Balcão.;02/02/2011;;Novo Mercado;02/02/2011;
16.614.075/0001-00;01/01/2020;1;91435;Ações Ordinárias;;;DIRR3;;Bolsa;B3;B3 S.A. - Brasil, Bolsa, Balcão.;19/11/2009;;Novo Mercado;19/11/2009;
16.670.085/0001-55;01/01/2020;2;99491;Ações Ordinárias;;;RENT3;;Bolsa;B3;B3 S.A. - Brasil, Bolsa, Balcão.;23/05/2005;;Novo Mercado;06/05/2005;
16.922.038/0001-51;01/01/2020;2;98144;Ações Ordinárias;;;ENJU3;;Bolsa;B3;B3 S.A. - Brasil, Bolsa, Balcão.;09/11/2020;;Novo Mercado;09/11/2020;
17.155.730/0001-64;01/01/2020;1;91924;Ações Ordinárias;;;CMIG3;;Bolsa;B3;B3 S.A. - Brasil, Bolsa, Balcão.;01/10/2001;;Nível 1 de Governança Corporativa;14/01/1972;
17.155.730/0001-64;01/01/2020;1;91924;Ações Preferenciais;PNA;Preferencial Classe A;CMIG4;;Bolsa;B3;B3 S.A. - Brasil, Bolsa, Balcão.;01/10/2001;;Nível 1 de Governança Corporativa;14/01/1972;
17.167.396/0001-69;01/01/2020;1;91713;Ações Ordinárias;;;RPAD3;;Bolsa;B3;B3 S.A. - Brasil, Bolsa, Balcão.;20/07/1977;;Básico;20/07/1977;
17.167.396/0001-69;01/01/2020;1;91713;Ações Preferenciais;PNB;Preferencial Classe B;RPAD6;;Bolsa;B3;B3 S.A. - Brasil, Bolsa, Balcão.;20/07/1977;;Básico;20/07/1977;
17.167.396/0001-69;01/01/2020;1;91713;Ações Preferenciais;PNA;Preferencial Classe A;RPAD5;;Bolsa;B3;B3 S.A. - Brasil, Bolsa, Balcão.;20/07/1977;;Básico;20/07/1977;
17.167.412/0001-13;01/01/2020;2;94777;Ações Ordinárias;;;CRIV3;;Bolsa;B3;B3 S.A. - Brasil, Bolsa, Balcão.;20/07/1977;;Básico;20/07/1977;
17.167.412/0001-13;01/01/2020;2;94777;Ações Preferenciais;;;CRIV4;;Bolsa;B3;B3 S.A. - Brasil, Bolsa, Balcão.;20/07/1977;;Básico;20/07/1977;
17.184.037/0001-10;01/01/2020;2;94975;Ações Ordinárias;;;BMEB3;;Bolsa;B3;B3 S.A. - Brasil, Bolsa, Balcão.;20/07/1977;;Básico;20/07/1977;
17.184.037/0001-10;01/01/2020;2;94975;Ações Preferenciais;;;BMEB4;;Bolsa;B3;B3 S.A. - Brasil, Bolsa, Balcão.;20/07/1977;;Básico;20/07/1977;
17.193.806/0001-46;01/01/2020;1;91714;Ações Ordinárias;;;BRGE3;;Bolsa;B3;B3 S.A. - Brasil, Bolsa, Balcão.;20/07/1977;;Básico;20/07/1977;
17.193.806/0001-46;01/01/2020;1;91714;Ações Preferenciais;PND;Preferencial Classe D;BRGE8;;Bolsa;B3;B3 S.A. - Brasil, Bolsa, Balcão.;20/07/1977;;Básico;20/07/1977;
17.193.806/0001-46;01/01/2020;1;91714;Ações Preferenciais;PNA;Preferencial Classe A;BRGE5;;Bolsa;B3;B3 S.A. - Brasil, Bolsa, Balcão.;20/07/1977;;Básico;20/07/1977;
17.193.806/0001-46;01/01/2020;1;91714;Ações Preferenciais;PNC;Preferencial Classe C;BRGE7;;Bolsa;B3;B3 S.A. - Brasil, Bolsa, Balcão.;20/07/1977;;Básico;20/07/1977;
17.193.806/0001-46;01/01/2020;1;91714;Ações Preferenciais;PNB;Preferencial Classe B;BRGE6;;Bolsa;B3;B3 S.A. - Brasil, Bolsa, Balcão.;20/07/1977;;Básico;20/07/1977;
17.193.806/0001-46;01/01/2020;1;91714;Ações Preferenciais;PNE;Preferencial Classe E;BRGE11;;Bolsa;B3;B3 S.A. - Brasil, Bolsa, Balcão.;20/07/1977;;Básico;20/07/1977;
17.193.806/0001-46;01/01/2020;1;91714;Ações Preferenciais;PNF;Preferencial Classe F;BRGE12;;Bolsa;B3;B3 S.A. - Brasil, Bolsa, Balcão.;20/07/1977;;Básico;20/07/1977;
17.245.234/0001-00;01/01/2020;1;94013;Ações Ordinárias;;;CEDO3;;Bolsa;B3;B3 S.A. - Brasil, Bolsa, Balcão.;01/09/2003;;Nível 1 de Governança Corporativa;01/09/2003;
17.245.234/0001-00;01/01/2020;1;94013;Ações Preferenciais;;;CEDO4;;Bolsa;B3;B3 S.A. - Brasil, Bolsa, Balcão.;01/09/2003;;Nível 1 de Governança Corporativa;01/09/2003;
17.281.106/0001-03;01/01/2020;1;93459;Ações Ordinárias;;;CSMG3;;Bolsa;B3;B3 S.A. - Brasil, Bolsa, Balcão.;08/02/2006;;Novo Mercado;08/02/2006;
17.314.329/0001-20;01/01/2020;2;99771;Ações Ordinárias;;;MEAL3;;Bolsa;B3;B3 S.A. - Brasil, Bolsa, Balcão.;23/03/2015;;Novo Mercado;23/03/2015;
17.344.597/0001-94;01/01/2020;5;99104;Ações Ordinárias;;;BBSE3;;Bolsa;B3;B3 S.A. - Brasil, Bolsa, Balcão.;29/04/2013;;Novo Mercado;29/04/2013;
17.346.997/0001-39;01/01/2020;1;95399;Ações Ordinárias;;;RLOG3;;Bolsa;B3;B3 S.A. - Brasil, Bolsa, Balcão.;06/10/2014;;Novo Mercado;06/10/2014;
18.328.118/0001-09;01/01/2020;3;99894;Ações Ordinárias;;;PETZ3;;Bolsa;B3;B3 S.A. - Brasil, Bolsa, Balcão.;11/09/2020;;Novo Mercado;11/09/2020;
18.593.815/0001-97;01/01/2020;3;91785;Ações Ordinárias;;;PRNR3;;Bolsa;B3;B3 S.A. - Brasil, Bolsa, Balcão.;17/02/2020;;Novo Mercado;17/02/2020;
19.378.769/0001-76;01/01/2020;1;93440;Ações Ordinárias;;;PARD3;;Bolsa;B3;B3 S.A. - Brasil, Bolsa, Balcão.;14/02/2017;;Novo Mercado;14/02/2017;
19.853.511/0001-84;01/01/2020;1;94525;Ações Ordinárias;;;GNDI3;;Bolsa;B3;B3 S.A. - Brasil, Bolsa, Balcão.;23/04/2018;;Novo Mercado;23/04/2018;
20.258.278/0001-70;01/01/2020;4;92836;Ações Ordinárias;;;OFSA3;;Bolsa;B3;B3 S.A. - Brasil, Bolsa, Balcão.;21/10/2014;;Novo Mercado;21/10/2014;
21.255.567/0001-89;01/01/2020;1;90651;Ações Ordinárias;;;CTSA3;;Bolsa;B3;B3 S.A. - Brasil, Bolsa, Balcão.;20/12/1984;;Básico;20/12/1984;
21.314.559/0001-66;01/01/2020;2;102880;Ações Ordinárias;;;MOVI3;;Bolsa;B3;B3 S.A. - Brasil, Bolsa, Balcão.;08/02/2017;;Novo Mercado;08/02/2017;
22.266.175/0001-88;01/01/2020;2;97862;Ações Ordinárias;;;FHER3;;Bolsa;B3;B3 S.A. - Brasil, Bolsa, Balcão.;10/04/2007;;Novo Mercado;10/04/2007;
22.677.520/0001-76;01/01/2020;1;90650;Ações Ordinárias;;;CTNM3;;Bolsa;B3;B3 S.A. - Brasil, Bolsa, Balcão.;11/02/1971;;Básico;11/02/1971;
22.677.520/0001-76;01/01/2020;1;90650;Ações Preferenciais;;;CTNM4;;Bolsa;B3;B3 S.A. - Brasil, Bolsa, Balcão.;11/02/1971;;Básico;11/02/1971;
23.373.000/0001-32;01/01/2020;6;102868;Ações Ordinárias;;;VAMO3;;Bolsa;B3;B3 S.A. - Brasil, Bolsa, Balcão.;29/01/2021;;Novo Mercado;28/01/2021;
24.230.275/0001-80;01/01/2020;3;97172;Ações Ordinárias;;;PLPL3;;Bolsa;B3;B3 S.A. - Brasil, Bolsa, Balcão.;17/09/2020;;Novo Mercado;17/09/2020;
24.990.777/0001-09;01/01/2020;3;99800;Ações Ordinárias;;;GMAT3;;Bolsa;B3;B3 S.A. - Brasil, Bolsa, Balcão.;13/10/2020;;Novo Mercado;13/10/2020;
26.462.693/0001-28;01/01/2020;3;97806;Ações Ordinárias;;;LAVV3;;Bolsa;B3;B3 S.A. - Brasil, Bolsa, Balcão.;02/09/2020;;Novo Mercado;01/09/2020;
26.659.061/0001-59;01/01/2020;2;99825;Ações Ordinárias;;;ESPA3;;Bolsa;B3;B3 S.A. - Brasil, Bolsa, Balcão.;01/02/2021;;Novo Mercado;01/02/2021;
27.093.558/0001-15;01/01/2020;2;99280;Ações Ordinárias;;;MILS3;;Bolsa;B3;B3 S.A. - Brasil, Bolsa, Balcão.;14/04/2010;;Novo Mercado;14/04/2010;
28.127.603/0001-78;01/01/2020;2;95380;Ações Ordinárias;;;BEES3;;Bolsa;B3;B3 S.A. - Brasil, Bolsa, Balcão.;20/07/1977;;Básico;20/07/1977;
28.127.603/0001-78;01/01/2020;2;95380;Ações Preferenciais;;;BEES4;;Bolsa;B3;B3 S.A. - Brasil, Bolsa, Balcão.;26/05/2008;;Básico;20/07/1977;
28.195.667/0001-06;01/01/2020;2;93567;Ações Preferenciais;PNA;Preferencial Classe A;ABCB4;;Bolsa;B3;B3 S.A. - Brasil, Bolsa, Balcão.;23/07/2007;;Nível 2 de Governança Corporativa;23/07/2007;
29.780.061/0001-09;01/01/2020;1;93003;Ações Ordinárias;;;SCAR3;;Bolsa;B3;B3 S.A. - Brasil, Bolsa, Balcão.;13/12/2006;;Novo Mercado;20/09/1999;
29.978.814/0001-87;01/01/2020;3;99801;Ações Ordinárias;;;SULA3;;Bolsa;B3;B3 S.A. - Brasil, Bolsa, Balcão.;05/10/2007;;Nível 2 de Governança Corporativa;05/10/2007;
29.978.814/0001-87;01/01/2020;3;99801;Units;;;SULA11;1 ON + 2 PN;Bolsa;B3;B3 S.A. - Brasil, Bolsa, Balcão.;05/10/2007;;Nível 2 de Governança Corporativa;05/10/2007;
29.978.814/0001-87;01/01/2020;3;99801;Ações Preferenciais;;;SULA4;;Bolsa;B3;B3 S.A. - Brasil, Bolsa, Balcão.;05/10/2007;;Nível 2 de Governança Corporativa;05/10/2007;
30.306.294/0001-45;01/01/2020;3;102871;Units;;;0;1 ON E 2 PNA;Bolsa;B3;B3 S.A. - Brasil, Bolsa, Balcão.;26/04/2012;;Nível 2 de Governança Corporativa;26/04/2012;
30.540.991/0001-66;01/01/2020;1;93082;Ações Preferenciais;PNA;Preferencial Classe A;2;;Bolsa;B3;B3 S.A. - Brasil, Bolsa, Balcão.;01/09/1988;;Básico;01/09/1988;
31.553.627/0001-01;01/01/2020;2;99938;Ações Ordinárias;;;MBLY3;;Bolsa;B3;B3 S.A. - Brasil, Bolsa, Balcão.;05/02/2021;;Novo Mercado;05/02/2021;
32.785.497/0001-97;01/01/2020;1;92996;Ações Ordinárias;;;NTCO3;;Bolsa;B3;B3 S.A. - Brasil, Bolsa, Balcão.;18/12/2019;;Novo Mercado;18/12/2019;
33.000.167/0001-01;01/01/2020;1;94263;Ações Ordinárias;;;PETR3;;Bolsa;B3;B3 S.A. - Brasil, Bolsa, Balcão.;14/05/2018;;Nível 2 de Governança Corporativa;27/08/1968;
33.000.167/0001-01;01/01/2020;1;94263;Ações Preferenciais;;;PETR4;;Bolsa;B3;B3 S.A. - Brasil, Bolsa, Balcão.;14/05/2018;;Nível 2 de Governança Corporativa;27/08/1968;
33.014.556/0001-96;01/01/2020;2;99869;Ações Ordinárias;;;LAME3;;Bolsa;B3;B3 S.A. - Brasil, Bolsa, Balcão.;08/09/2017;;Nível 1 de Governança Corporativa;01/01/1940;
33.014.556/0001-96;01/01/2020;2;99869;Ações Preferenciais;;;LAME4;;Bolsa;B3;B3 S.A. - Brasil, Bolsa, Balcão.;08/09/2017;;Nível 1 de Governança Corporativa;01/01/1940;
33.035.536/0001-00;01/01/2020;2;99690;Ações Ordinárias;;;JFEN3;;Bolsa;B3;B3 S.A. - Brasil, Bolsa, Balcão.;17/09/1973;;Básico;17/09/1973;
33.040.601/0001-87;01/01/2020;4;98678;Ações Ordinárias;;;MERC3;;Bolsa;B3;B3 S.A. - Brasil, Bolsa, Balcão.;20/07/1977;;Básico;20/07/1977;
33.040.601/0001-87;01/01/2020;4;98678;Ações Preferenciais;;;MERC4;;Bolsa;B3;B3 S.A. - Brasil, Bolsa, Balcão.;20/07/1977;;Básico;20/07/1977;
33.041.260/0652-90;01/01/2020;2;99892;Ações Ordinárias;;;VVAR3;;Bolsa;B3;B3 S.A. - Brasil, Bolsa, Balcão.;26/11/2018;;Novo Mercado;26/11/2018;
33.042.730/0001-04;01/01/2020;3;97870;Ações Ordinárias;;;4030;;Bolsa;B3;B3 S.A. - Brasil, Bolsa, Balcão.;09/07/1973;;Básico;09/07/1973;
33.050.071/0001-58;01/01/2020;1;92198;Ações Ordinárias;;;CBEE3;;Bolsa;B3;B3 S.A. - Brasil, Bolsa, Balcão.;30/11/1973;;Básico;15/08/1969;
33.102.476/0001-92;01/01/2020;2;93697;Ações Ordinárias;;;MOAR3;;Bolsa;B3;B3 S.A. - Brasil, Bolsa, Balcão.;22/06/1989;;Básico;22/06/1989;
33.111.246/0001-90;01/01/2020;3;99387;Ações Ordinárias;;;TCNO3;;Bolsa;B3;B3 S.A. - Brasil, Bolsa, Balcão.;20/07/1977;;Básico;20/07/1977;
33.111.246/0001-90;01/01/2020;3;99387;Ações Preferenciais;;;TCNO4;;Bolsa;B3;B3 S.A. - Brasil, Bolsa, Balcão.;20/07/1977;;Básico;20/07/1977;
33.113.309/0001-47;01/01/2020;1;95445;Ações Ordinárias;;;VLID3;;Bolsa;B3;B3 S.A. - Brasil, Bolsa, Balcão.;27/04/2006;;Novo Mercado;26/04/2006;
33.200.049/0001-47;01/01/2020;1;95037;Ações Preferenciais;PNA;Preferencial Classe A;HOOT4;;Bolsa;B3;B3 S.A. - Brasil, Bolsa, Balcão.;08/08/1980;;Básico;08/08/1980;
33.228.024/0001-51;01/01/2020;1;93432;Ações Ordinárias;;;WLMM3;;Bolsa;B3;B3 S.A. - Brasil, Bolsa, Balcão.;07/01/1971;;Básico;07/01/1971;
33.228.024/0001-51;01/01/2020;1;93432;Ações Preferenciais;PNA;Preferencial Classe A;WLMM4;;Bolsa;B3;B3 S.A. - Brasil, Bolsa, Balcão.;07/01/1971;;Básico;07/01/1971;
33.256.439/0001-39;01/01/2020;2;97662;Ações Ordinárias;;;UGPA3;;Bolsa;B3;B3 S.A. - Brasil, Bolsa, Balcão.;17/08/2011;;Novo Mercado;06/10/1999;
33.376.989/0001-91;01/01/2020;4;98550;Ações Ordinárias;;;IRBR3;;Bolsa;B3;B3 S.A. - Brasil, Bolsa, Balcão.;31/07/2017;;Novo Mercado;31/07/2017;
33.386.210/0001-19;01/01/2020;2;96998;Ações Ordinárias;;;SOND3;;Bolsa;B3;B3 S.A. - Brasil, Bolsa, Balcão.;19/08/1980;;Básico;19/08/1980;
33.386.210/0001-19;01/01/2020;2;96998;Ações Preferenciais;PNB;Preferencial Classe B;SOND6;;Bolsa;B3;B3 S.A. - Brasil, Bolsa, Balcão.;19/08/1980;;Básico;19/08/1980;
33.386.210/0001-19;01/01/2020;2;96998;Ações Preferenciais;PNA;Preferencial Classe A;SOND5;;Bolsa;B3;B3 S.A. - Brasil, Bolsa, Balcão.;19/08/1980;;Básico;19/08/1980;
33.412.081/0001-96;01/01/2020;4;94563;Ações Ordinárias;;;RPMG3;;Bolsa;B3;B3 S.A. - Brasil, Bolsa, Balcão.;28/09/1973;;Básico;23/06/1972;
33.467.572/0001-34;01/01/2020;1;91354;Ações Ordinárias;;;TKNO3;;Bolsa;B3;B3 S.A. - Brasil, Bolsa, Balcão.;20/07/1977;;Básico;20/07/1977;
33.467.572/0001-34;01/01/2020;1;91354;Ações Preferenciais;;;TKNO4;;Bolsa;B3;B3 S.A. - Brasil, Bolsa, Balcão.;20/07/1977;;Básico;20/07/1977;
33.592.510/0001-54;01/01/2020;1;93651;Ações Ordinárias;;;VALE3;;Bolsa;B3;B3 S.A. - Brasil, Bolsa, Balcão.;22/12/2017;;Novo Mercado;01/04/1968;
33.611.500/0001-19;01/01/2020;1;93593;Ações Ordinárias;;;GGBR3;;Bolsa;B3;B3 S.A. - Brasil, Bolsa, Balcão.;03/09/1980;;Nível 1 de Governança Corporativa;03/09/1980;
33.611.500/0001-19;01/01/2020;1;93593;Ações Preferenciais;;;GGBR4;;Bolsa;B3;B3 S.A. - Brasil, Bolsa, Balcão.;03/09/1980;;Nível 1 de Governança Corporativa;03/09/1980;
33.839.910/0001-11;01/01/2020;1;91193;Ações Ordinárias;;;VIVA3;;Bolsa;B3;B3 S.A. - Brasil, Bolsa, Balcão.;10/10/2019;;Novo Mercado;08/10/2019;
33.938.119/0001-69;01/01/2020;2;95243;Ações Ordinárias;;;CEGR3;;Bolsa;B3;B3 S.A. - Brasil, Bolsa, Balcão.;17/11/1997;;Básico;17/11/1997;
33.958.695/0001-78;01/01/2020;2;99292;Ações Ordinárias;;;UNIP3;;Bolsa;B3;B3 S.A. - Brasil, Bolsa, Balcão.;04/06/1980;;Básico;04/06/1980;
33.958.695/0001-78;01/01/2020;2;99292;Ações Preferenciais;PNB;Preferencial Classe B;UNIP6;;Bolsa;B3;B3 S.A. - Brasil, Bolsa, Balcão.;04/06/1980;;Básico;04/06/1980;
33.958.695/0001-78;01/01/2020;2;99292;Ações Preferenciais;PNA;Preferencial Classe A;UNIP5;;Bolsa;B3;B3 S.A. - Brasil, Bolsa, Balcão.;04/06/1980;;Básico;04/06/1980;
34.169.557/0001-72;01/01/2020;2;97484;Ações Ordinárias;;;BMIN3;;Bolsa;B3;B3 S.A. - Brasil, Bolsa, Balcão.;20/07/1977;;Básico;20/07/1977;
34.169.557/0001-72;01/01/2020;2;97484;Ações Preferenciais;;;BMIN4;;Bolsa;B3;B3 S.A. - Brasil, Bolsa, Balcão.;20/07/1977;;Básico;20/07/1977;
34.274.233/0001-02;01/01/2020;1;96418;Ações Ordinárias;;;BRDT3;;Bolsa;B3;B3 S.A. - Brasil, Bolsa, Balcão.;15/12/2017;;Novo Mercado;15/12/2017;
35.791.391/0001-94;01/01/2020;1;95587;Ações Ordinárias;;;QUSW3;;Bolsa;B3;B3 S.A. - Brasil, Bolsa, Balcão.;03/12/2013;;Bovespa Mais;03/12/2013;
36.542.025/0001-64;01/01/2020;2;99911;Ações Ordinárias;;;BRQB3;;Bolsa;B3;B3 S.A. - Brasil, Bolsa, Balcão.;13/01/2016;;Bovespa Mais;13/01/2016;
42.150.391/0001-70;01/01/2020;1;90411;Ações Ordinárias;;;BRKM3;;Bolsa;B3;B3 S.A. - Brasil, Bolsa, Balcão.;13/02/2003;;Nível 1 de Governança Corporativa;18/12/1978;
42.150.391/0001-70;01/01/2020;1;90411;Ações Preferenciais;PNA;Preferencial Classe A;BRKM5;;Bolsa;B3;B3 S.A. - Brasil, Bolsa, Balcão.;13/02/2003;;Nível 1 de Governança Corporativa;18/12/1978;
42.150.391/0001-70;01/01/2020;1;90411;Ações Preferenciais;PNB;Preferencial Classe B;BRKM6;;Bolsa;B3;B3 S.A. - Brasil, Bolsa, Balcão.;13/02/2003;;Nível 1 de Governança Corporativa;18/12/1978;
42.278.291/0001-24;01/01/2020;3;96932;Ações Ordinárias;;;LOGN3;;Bolsa;B3;B3 S.A. - Brasil, Bolsa, Balcão.;21/06/2007;;Novo Mercado;21/06/2007;
42.278.473/0001-03;01/01/2020;1;92396;Ações Ordinárias;;;WIZS3;;Bolsa;B3;B3 S.A. - Brasil, Bolsa, Balcão.;05/06/2015;;Novo Mercado;05/06/2015;
42.331.462/0001-31;01/01/2020;1;94669;Ações Ordinárias;;;1545-8;;Bolsa;B3;B3 S.A. - Brasil, Bolsa, Balcão.;14/03/1996;;Básico;14/03/1996;
42.771.949/0001-35;01/01/2020;1;93783;Ações Ordinárias;;;AALR3;;Bolsa;B3;B3 S.A. - Brasil, Bolsa, Balcão.;28/10/2016;;Novo Mercado;28/10/2016;
43.185.362/0001-07;01/01/2020;2;95924;Ações Ordinárias;;;IGBR3;;Bolsa;B3;B3 S.A. - Brasil, Bolsa, Balcão.;19/12/1973;;Básico;19/12/1973;
43.470.988/0001-65;01/01/2020;1;90334;Ações Ordinárias;;;EVEN3;;Bolsa;B3;B3 S.A. - Brasil, Bolsa, Balcão.;02/04/2019;;Novo Mercado;02/04/2019;
43.776.517/0001-80;01/01/2020;2;97847;Ações Ordinárias;;;SBSP3;;Bolsa;B3;B3 S.A. - Brasil, Bolsa, Balcão.;24/02/2002;;Novo Mercado;04/06/1997;
45.242.914/0001-05;01/01/2020;2;96852;Ações Ordinárias;;;CEAB3;;Bolsa;B3;B3 S.A. - Brasil, Bolsa, Balcão.;28/10/2019;28/10/2019;Novo Mercado;24/10/2019;
45.453.214/0001-51;01/01/2020;1;92896;Ações Ordinárias;;;PFRM3;;Bolsa;B3;B3 S.A. - Brasil, Bolsa, Balcão.;26/10/2016;;Novo Mercado;26/10/2016;
45.987.245/0001-92;01/01/2020;1;92511;Ações Ordinárias;;;BAHI3;;Bolsa;B3;B3 S.A. - Brasil, Bolsa, Balcão.;26/01/2018;;Bovespa Mais;02/01/1974;
47.508.411/0001-56;01/01/2020;1;93023;Ações Ordinárias;;;PCAR3;;Bolsa;B3;B3 S.A. - Brasil, Bolsa, Balcão.;22/09/1995;;Novo Mercado;22/09/1995;
47.960.950/0001-21;01/01/2020;1;94376;Ações Preferenciais;PNA;Preferencial Classe A;MGLU3;;Bolsa;B3;B3 S.A. - Brasil, Bolsa, Balcão.;02/05/2011;;Novo Mercado;02/05/2011;
49.263.189/0001-02;01/01/2020;3;100368;Ações Ordinárias;;;HBOR3;;Bolsa;B3;B3 S.A. - Brasil, Bolsa, Balcão.;29/10/2007;;Novo Mercado;29/10/2007;
49.669.856/0001-43;01/01/2020;2;97077;Ações Ordinárias;;;LLIS3;;Bolsa;B3;B3 S.A. - Brasil, Bolsa, Balcão.;29/04/2008;;Novo Mercado;28/04/2008;
50.564.053/0001-03;01/01/2020;1;95278;Ações Ordinárias;;;BOBR3;;Bolsa;B3;B3 S.A. - Brasil, Bolsa, Balcão.;26/09/1984;;Básico;26/09/1984;
50.564.053/0001-03;01/01/2020;1;95278;Ações Preferenciais;;;BOBR4;;Bolsa;B3;B3 S.A. - Brasil, Bolsa, Balcão.;26/09/1984;;Básico;26/09/1984;
50.746.577/0001-15;01/01/2020;1;95398;Ações Ordinárias;;;CSAN3;;Bolsa;B3;B3 S.A. - Brasil, Bolsa, Balcão.;17/11/2005;;Novo Mercado;17/11/2005;
50.926.955/0001-42;01/01/2020;2;96818;Ações Ordinárias;;;VULC3;;Bolsa;B3;B3 S.A. - Brasil, Bolsa, Balcão.;26/10/2017;;Novo Mercado;20/07/1977;
51.128.999/0001-90;01/01/2020;2;93085;Ações Ordinárias;;;NUTR3;;Bolsa;B3;B3 S.A. - Brasil, Bolsa, Balcão.;13/02/2008;;Bovespa Mais;13/02/2008;
51.218.147/0001-93;01/01/2020;2;92676;Ações Ordinárias;;;IGTA3;;Bolsa;B3;B3 S.A. - Brasil, Bolsa, Balcão.;07/02/2007;;Novo Mercado;07/02/2007;
51.466.860/0001-56;01/01/2020;2;97876;Ações Ordinárias;;;SMTO3;;Bolsa;B3;B3 S.A. - Brasil, Bolsa, Balcão.;09/02/2007;;Novo Mercado;09/02/2007;
51.928.174/0001-50;01/01/2020;1;90925;Ações Ordinárias;;;BOLSA;;Bolsa;B3;B3 S.A. - Brasil, Bolsa, Balcão.;19/04/1989;;Básico;19/04/1989;
52.548.435/0001-79;01/01/2020;3;98208;Ações Ordinárias;;;JSLG11;;Bolsa;B3;B3 S.A. - Brasil, Bolsa, Balcão.;20/04/2010;;Novo Mercado;20/04/2010;
53.113.791/0001-22;01/01/2020;2;102853;Ações Ordinárias;;;TOTS3;;Bolsa;B3;B3 S.A. - Brasil, Bolsa, Balcão.;07/03/2006;;Novo Mercado;07/03/2006;
56.643.018/0001-66;01/01/2020;2;92728;Ações Ordinárias;;;EUCA3;;Bolsa;B3;B3 S.A. - Brasil, Bolsa, Balcão.;01/07/2012;;Nível 1 de Governança Corporativa;20/08/1969;
56.643.018/0001-66;01/01/2020;2;92728;Ações Preferenciais;PNA;Preferencial Classe A;EUCA4;;Bolsa;B3;B3 S.A. - Brasil, Bolsa, Balcão.;01/07/2012;;Nível 1 de Governança Corporativa;20/08/1969;
56.720.428/0001-63;01/01/2020;2;97915;Ações Ordinárias;;;ROMI3;;Bolsa;B3;B3 S.A. - Brasil, Bolsa, Balcão.;23/03/2007;;Novo Mercado;23/03/2007;
56.992.423/0001-90;01/01/2020;1;91187;Ações Ordinárias;;;BMKS3;;Bolsa;B3;B3 S.A. - Brasil, Bolsa, Balcão.;28/11/1973;;Básico;28/11/1973;
58.119.199/0001-51;01/01/2020;1;90376;Ações Ordinárias;;;ODPV3;;Bolsa;B3;B3 S.A. - Brasil, Bolsa, Balcão.;30/11/2006;;Novo Mercado;30/11/2006;
59.105.999/0001-86;01/01/2020;1;96472;Ações Ordinárias;;;WHRL3;;Bolsa;B3;B3 S.A. - Brasil, Bolsa, Balcão.;26/04/1994;;Básico;26/04/1994;
59.105.999/0001-86;01/01/2020;1;96472;Ações Preferenciais;;;WHRL4;;Bolsa;B3;B3 S.A. - Brasil, Bolsa, Balcão.;26/04/1994;;Básico;26/04/1994;
59.285.411/0001-13;01/01/2020;3;93541;Ações Preferenciais;PNA;Preferencial Classe A;BPAN4;;Bolsa;B3;B3 S.A. - Brasil, Bolsa, Balcão.;01/01/2010;;Nível 1 de Governança Corporativa;19/11/2007;
59.418.806/0001-47;01/01/2020;2;97863;Ações Preferenciais;;;TFCO4;;Bolsa;B3;B3 S.A. - Brasil, Bolsa, Balcão.;26/10/2020;;Nível 2 de Governança Corporativa;26/10/2020;
59.789.545/0001-71;01/01/2020;2;96243;Ações Ordinárias;;;PPAR3;;Bolsa;B3;B3 S.A. - Brasil, Bolsa, Balcão.;31/05/1989;;Básico;31/05/1989;
60.398.369/0004-79;01/01/2020;3;99996;Ações Ordinárias;;;PMAM3;;Bolsa;B3;B3 S.A. - Brasil, Bolsa, Balcão.;15/02/2012;;Novo Mercado;15/03/1971;
60.476.884/0001-87;01/01/2020;2;93558;Ações Ordinárias;;;LEVE3;;Bolsa;B3;B3 S.A. - Brasil, Bolsa, Balcão.;05/07/2011;;Novo Mercado;20/07/1977;
60.500.139/0001-26;01/01/2020;1;95364;Ações Ordinárias;;;SLED3;;Bolsa;B3;B3 S.A. - Brasil, Bolsa, Balcão.;12/04/2006;;Nível 2 de Governança Corporativa;14/03/1972;
60.500.139/0001-26;01/01/2020;1;95364;Ações Preferenciais;;;SLED4;;Bolsa;B3;B3 S.A. - Brasil, Bolsa, Balcão.;12/04/2006;;Nível 2 de Governança Corporativa;14/03/1972;
60.543.816/0001-93;01/01/2020;1;93253;Ações Ordinárias;;;JPSA3;;Bolsa;B3;B3 S.A. - Brasil, Bolsa, Balcão.;12/03/1946;;Básico;12/03/1946;
60.637.238/0001-54;01/01/2020;1;96706;Ações Ordinárias;;;JBDU3;;Bolsa;B3;B3 S.A. - Brasil, Bolsa, Balcão.;14/05/1985;;Básico;14/05/1985;
60.651.809/0001-05;01/01/2020;2;96242;Ações Ordinárias;;;NEMO3;;Bolsa;B3;B3 S.A. - Brasil, Bolsa, Balcão.;22/12/1982;;Básico;21/12/1982;
60.651.809/0001-05;01/01/2020;2;96242;Ações Preferenciais;PNA;Preferencial Classe A;NEMO5;;Bolsa;B3;B3 S.A. - Brasil, Bolsa, Balcão.;09/04/2010;;Básico;21/12/1982;
60.651.809/0001-05;01/01/2020;2;96242;Ações Preferenciais;PNB;Preferencial Classe B;NEMO6;;Bolsa;B3;B3 S.A. - Brasil, Bolsa, Balcão.;18/05/2011;;Básico;21/12/1982;
60.746.948/0001-12;01/01/2020;1;91028;Ações Ordinárias;;;BBDC3;;Bolsa;B3;B3 S.A. - Brasil, Bolsa, Balcão.;26/06/2001;;Nível 1 de Governança Corporativa;26/11/1946;
60.746.948/0001-12;01/01/2020;1;91028;Ações Preferenciais;;;BBDC4;;Bolsa;B3;B3 S.A. - Brasil, Bolsa, Balcão.;26/06/2001;;Nível 1 de Governança Corporativa;26/11/1946;
60.770.336/0001-65;01/01/2020;2;94776;Ações Ordinárias;;;BRIV3;;Bolsa;B3;B3 S.A. - Brasil, Bolsa, Balcão.;20/07/1977;;Básico;20/07/1977;
60.770.336/0001-65;01/01/2020;2;94776;Ações Preferenciais;;;BRIV4;;Bolsa;B3;B3 S.A. - Brasil, Bolsa, Balcão.;20/07/1977;;Básico;20/07/1977;
60.840.055/0001-31;01/01/2020;1;94476;Ações Ordinárias;;;FLRY3;;Bolsa;B3;B3 S.A. - Brasil, Bolsa, Balcão.;16/12/2009;;Novo Mercado;16/12/2009;
60.851.615/0001-53;01/01/2020;2;95271;Ações Ordinárias;;;BDLL3;;Bolsa;B3;B3 S.A. - Brasil, Bolsa, Balcão.;26/11/1969;;Básico;26/11/1969;
60.851.615/0001-53;01/01/2020;2;95271;Ações Preferenciais;PNA;Preferencial Classe A;BDLL4;;Bolsa;B3;B3 S.A. - Brasil, Bolsa, Balcão.;26/11/1969;;Básico;26/11/1969;
60.872.504/0001-23;01/01/2020;2;99189;Ações Ordinárias;;;ITUB3;;Bolsa;B3;B3 S.A. - Brasil, Bolsa, Balcão.;30/12/2002;;Nível 1 de Governança Corporativa;30/12/2002;
60.872.504/0001-23;01/01/2020;2;99189;Ações Preferenciais;;;ITUB4;;Bolsa;B3;B3 S.A. - Brasil, Bolsa, Balcão.;30/12/2002;;Nível 1 de Governança Corporativa;30/12/2002;
60.884.319/0001-59;01/01/2020;1;95574;Ações Ordinárias;;;1;;Bolsa;B3;B3 S.A. - Brasil, Bolsa, Balcão.;28/04/1988;;Básico;28/04/1988;
60.894.730/0001-05;01/01/2020;1;96432;Ações Ordinárias;;;USIM3;;Bolsa;B3;B3 S.A. - Brasil, Bolsa, Balcão.;11/10/2007;;Nível 1 de Governança Corporativa;11/04/1994;
60.894.730/0001-05;01/01/2020;1;96432;Ações Preferenciais;PNB;Preferencial Classe B;USIM6;;Bolsa;B3;B3 S.A. - Brasil, Bolsa, Balcão.;11/10/2007;;Nível 1 de Governança Corporativa;11/04/1994;
60.894.730/0001-05;01/01/2020;1;96432;Ações Preferenciais;PNA;Preferencial Classe A;USIM5;;Bolsa;B3;B3 S.A. - Brasil, Bolsa, Balcão.;11/10/2007;;Nível 1 de Governança Corporativa;11/04/1994;
60.933.603/0001-78;01/01/2020;1;93473;Ações Ordinárias;;;CESP3;;Bolsa;B3;B3 S.A. - Brasil, Bolsa, Balcão.;28/07/2006;;Nível 1 de Governança Corporativa;27/09/1971;
60.933.603/0001-78;01/01/2020;1;93473;Ações Preferenciais;PNB;Preferencial Classe B;CESP6;;Bolsa;B3;B3 S.A. - Brasil, Bolsa, Balcão.;27/09/2006;;Nível 1 de Governança Corporativa;27/09/2006;
60.933.603/0001-78;01/01/2020;1;93473;Ações Preferenciais;PNA;Preferencial Classe A;CESP5;;Bolsa;B3;B3 S.A. - Brasil, Bolsa, Balcão.;27/09/2006;;Nível 1 de Governança Corporativa;27/09/1971;
61.022.042/0001-18;01/01/2020;1;95545;Ações Ordinárias;;;CALI3;;Bolsa;B3;B3 S.A. - Brasil, Bolsa, Balcão.;20/07/1977;;Básico;20/07/1977;
61.022.042/0001-18;01/01/2020;1;95545;Ações Preferenciais;;;CAL4;;Bolsa;B3;B3 S.A. - Brasil, Bolsa, Balcão.;20/07/1977;;Básico;20/07/1977;
61.065.298/0001-02;01/01/2020;2;91260;Ações Ordinárias;;;MGEL3;;Bolsa;B3;B3 S.A. - Brasil, Bolsa, Balcão.;28/12/1971;;Básico;28/12/1971;
61.065.298/0001-02;01/01/2020;2;91260;Ações Preferenciais;;;MGEL4;;Bolsa;B3;B3 S.A. - Brasil, Bolsa, Balcão.;28/12/1971;;Básico;28/12/1971;
61.065.751/0001-80;01/01/2020;2;99650;Ações Ordinárias;;;RSID3;;Bolsa;B3;B3 S.A. - Brasil, Bolsa, Balcão.;27/01/2006;;Novo Mercado;22/07/1997;
61.079.117/0001-05;01/01/2020;1;90923;Ações Ordinárias;;;ALPA3;;Bolsa;B3;B3 S.A. - Brasil, Bolsa, Balcão.;15/07/2003;;Nível 1 de Governança Corporativa;20/07/1977;
61.079.117/0001-05;01/01/2020;1;90923;Ações Preferenciais;PNA;Preferencial Classe A;ALPA4;;Bolsa;B3;B3 S.A. - Brasil, Bolsa, Balcão.;15/07/2003;;Nível 1 de Governança Corporativa;20/07/1977;
61.082.004/0001-50;01/01/2020;1;92279;Ações Preferenciais;PNA;Preferencial Classe A;ESTR4;;Bolsa;B3;B3 S.A. - Brasil, Bolsa, Balcão.;28/06/1968;;Básico;28/06/1968;
61.088.894/0001-08;01/01/2020;1;92475;Ações Ordinárias;;;CAMB3;;Bolsa;B3;B3 S.A. - Brasil, Bolsa, Balcão.;05/01/1985;;Básico;05/01/1985;
61.092.037/0001-81;01/01/2020;4;95769;Ações Ordinárias;;;ETER3;;Bolsa;B3;B3 S.A. - Brasil, Bolsa, Balcão.;17/08/2006;;Novo Mercado;25/11/1948;
61.156.113/0001-75;01/01/2020;1;96425;Ações Ordinárias;;;MYPK3;;Bolsa;B3;B3 S.A. - Brasil, Bolsa, Balcão.;24/03/2008;;Novo Mercado;17/07/1984;
61.156.931/0001-78;01/01/2020;3;93800;Ações Ordinárias;;;APTI3;;Bolsa;B3;B3 S.A. - Brasil, Bolsa, Balcão.;06/06/1986;;Básico;06/06/1986;
61.156.931/0001-78;01/01/2020;3;93800;Ações Preferenciais;;;APTI4;;Bolsa;B3;B3 S.A. - Brasil, Bolsa, Balcão.;06/06/1986;;Básico;06/06/1986;
61.186.680/0001-74;01/01/2020;2;97625;Ações Preferenciais;;;BMGB4;;Bolsa;B3;B3 S.A. - Brasil, Bolsa, Balcão.;29/11/2019;;Nível 1 de Governança Corporativa;28/10/2019;
61.189.288/0001-89;01/01/2020;1;94535;Ações Ordinárias;;;22055;;Bolsa;B3;B3 S.A. - Brasil, Bolsa, Balcão.;14/06/2010;;Novo Mercado;14/06/2010;
61.351.532/0001-68;01/01/2020;2;99823;Ações Ordinárias;;;AZEV3;;Bolsa;B3;B3 S.A. - Brasil, Bolsa, Balcão.;01/11/1991;;Básico;01/11/1991;
61.351.532/0001-68;01/01/2020;2;99823;Ações Preferenciais;;;AZEV4;;Bolsa;B3;B3 S.A. - Brasil, Bolsa, Balcão.;01/11/1991;;Básico;01/11/1991;
61.374.161/0001-30;01/01/2020;1;95543;Ações Ordinárias;;;BALM3;;Bolsa;B3;B3 S.A. - Brasil, Bolsa, Balcão.;20/05/1970;;Básico;20/05/1970;
61.374.161/0001-30;01/01/2020;1;95543;Ações Preferenciais;;;BALM4;;Bolsa;B3;B3 S.A. - Brasil, Bolsa, Balcão.;20/05/1970;;Básico;20/05/1970;
61.486.650/0001-83;01/01/2020;2;94530;Ações Ordinárias;;;DASA3;;Bolsa;B3;B3 S.A. - Brasil, Bolsa, Balcão.;02/02/2016;;Básico;02/02/2016;
61.532.644/0001-15;01/01/2020;1;94338;Ações Ordinárias;;;ITSA3;;Bolsa;B3;B3 S.A. - Brasil, Bolsa, Balcão.;26/06/2001;;Nível 1 de Governança Corporativa;30/06/1978;
61.532.644/0001-15;01/01/2020;1;94338;Ações Preferenciais;;;ITSA4;;Bolsa;B3;B3 S.A. - Brasil, Bolsa, Balcão.;26/06/2001;;Nível 1 de Governança Corporativa;30/06/1978;
61.584.140/0001-49;01/01/2020;5;100116;Ações Ordinárias;;;REDE3;;Bolsa;B3;B3 S.A. - Brasil, Bolsa, Balcão.;16/10/1969;;Básico;16/10/1969;
61.585.865/0001-51;01/01/2020;1;90461;Ações Ordinárias;;;RADL3;;Bolsa;B3;B3 S.A. - Brasil, Bolsa, Balcão.;03/07/2007;;Novo Mercado;03/07/2007;
61.856.571/0001-17;01/01/2020;1;95479;Ações Ordinárias;;;CGAS3;;Bolsa;B3;B3 S.A. - Brasil, Bolsa, Balcão.;11/09/1997;;Básico;11/09/1997;
61.856.571/0001-17;01/01/2020;1;95479;Ações Preferenciais;;;CGAS5;;Bolsa;B3;B3 S.A. - Brasil, Bolsa, Balcão.;11/09/1997;;Básico;11/09/1997;
62.002.886/0001-60;01/01/2020;2;96467;Ações Ordinárias;;;AHEB3;;Bolsa;B3;B3 S.A. - Brasil, Bolsa, Balcão.;30/04/2014;;Básico;30/04/2014;
62.002.886/0001-60;01/01/2020;2;96467;Ações Preferenciais;PNA;Preferencial Classe A;AHEB5;;Bolsa;B3;B3 S.A. - Brasil, Bolsa, Balcão.;30/04/2014;;Básico;30/04/2014;
62.002.886/0001-60;01/01/2020;2;96467;Ações Preferenciais;PNB;Preferencial Classe B;AHEB6;;Bolsa;B3;B3 S.A. - Brasil, Bolsa, Balcão.;30/04/2014;;Básico;30/04/2014;
62.144.175/0001-20;01/01/2020;1;90455;Ações Preferenciais;;;PINE4;;Bolsa;B3;B3 S.A. - Brasil, Bolsa, Balcão.;30/03/2012;;Nível 2 de Governança Corporativa;02/04/2007;
62.984.091/0001-02;01/01/2020;2;100072;Ações Ordinárias;;;CSED3;;Bolsa;B3;B3 S.A. - Brasil, Bolsa, Balcão.;10/02/2021;;Novo Mercado;10/02/2021;
64.904.295/0001-03;01/01/2020;1;92999;Ações Ordinárias;;;CAML3;;Bolsa;B3;B3 S.A. - Brasil, Bolsa, Balcão.;28/09/2017;;Novo Mercado;26/09/2017;
67.010.660/0001-24;01/01/2020;2;96774;Ações Ordinárias;;;RDNI3;;Bolsa;B3;B3 S.A. - Brasil, Bolsa, Balcão.;30/01/2007;;Novo Mercado;30/01/2007;
67.571.414/0001-41;01/01/2020;2;93729;Ações Ordinárias;;;VIVR3;;Bolsa;B3;B3 S.A. - Brasil, Bolsa, Balcão.;06/06/2007;;Novo Mercado;06/06/2007;
67.620.377/0001-14;01/01/2020;2;102925;Ações Ordinárias;;;BEEF3;;Bolsa;B3;B3 S.A. - Brasil, Bolsa, Balcão.;20/07/2007;;Novo Mercado;20/07/2007;
71.476.527/0001-35;01/01/2020;3;98704;Ações Ordinárias;;;TEND3;;Bolsa;B3;B3 S.A. - Brasil, Bolsa, Balcão.;26/06/2017;;Novo Mercado;04/05/2017;
73.178.600/0001-18;01/01/2020;2;91809;Ações Ordinárias;;;CYRE3;;Bolsa;B3;B3 S.A. - Brasil, Bolsa, Balcão.;22/09/2005;;Novo Mercado;22/09/2005;
75.315.333/0001-09;01/01/2020;1;93671;Ações Ordinárias;;;CRFB3;;Bolsa;B3;B3 S.A. - Brasil, Bolsa, Balcão.;20/07/2017;;Novo Mercado;19/07/2017;
76.483.817/0001-20;01/01/2020;1;93526;Ações Ordinárias;;;CPLE3;;Bolsa;B3;B3 S.A. - Brasil, Bolsa, Balcão.;07/05/2008;;Nível 1 de Governança Corporativa;12/04/1994;
76.483.817/0001-20;01/01/2020;1;93526;Ações Preferenciais;PNB;Preferencial Classe B;CPLE6;;Bolsa;B3;B3 S.A. - Brasil, Bolsa, Balcão.;07/05/2008;;Nível 1 de Governança Corporativa;15/02/1996;
76.483.817/0001-20;01/01/2020;1;93526;Ações Preferenciais;PNA;Preferencial Classe A;CPLE5;;Bolsa;B3;B3 S.A. - Brasil, Bolsa, Balcão.;07/05/2008;;Nível 1 de Governança Corporativa;15/02/1996;
76.484.013/0001-45;01/01/2020;2;96950;Ações Ordinárias;;;SAPR3;;Bolsa;B3;B3 S.A. - Brasil, Bolsa, Balcão.;21/12/2016;;Nível 2 de Governança Corporativa;10/03/2000;
76.484.013/0001-45;01/01/2020;2;96950;Ações Preferenciais;PNA;Preferencial Classe A;SAPR4;;Bolsa;B3;B3 S.A. - Brasil, Bolsa, Balcão.;21/12/2016;;Nível 2 de Governança Corporativa;10/03/2000;
76.484.013/0001-45;01/01/2020;2;96950;Units;;;SAPR11;1 ON e 4 PN;Bolsa;B3;B3 S.A. - Brasil, Bolsa, Balcão.;22/11/2017;;Nível 2 de Governança Corporativa;22/11/2017;
76.627.504/0001-06;01/01/2020;4;99828;Ações Ordinárias;;;INEP3;;Bolsa;B3;B3 S.A. - Brasil, Bolsa, Balcão.;01/01/2015;;Nível 1 de Governança Corporativa;01/01/2000;
78.876.950/0001-71;01/01/2020;3;99035;Ações Ordinárias;;;HGTX3;;Bolsa;B3;B3 S.A. - Brasil, Bolsa, Balcão.;16/05/2007;;Novo Mercado;16/05/2007;
81.243.735/0001-48;01/01/2020;3;102798;Ações Ordinárias;;;POSI3;;Bolsa;B3;B3 S.A. - Brasil, Bolsa, Balcão.;11/12/2006;;Novo Mercado;11/12/2006;
82.508.433/0001-17;01/01/2020;1;94268;Ações Ordinárias;;;CASN3;;Bolsa;B3;B3 S.A. - Brasil, Bolsa, Balcão.;06/02/1998;;Básico;06/02/1998;
82.508.433/0001-17;01/01/2020;1;94268;Ações Preferenciais;;;CASN4;;Bolsa;B3;B3 S.A. - Brasil, Bolsa, Balcão.;06/02/1998;;Básico;06/02/1998;
82.636.986/0001-55;01/01/2020;1;93956;Ações Ordinárias;;;TEKA3;;Bolsa;B3;B3 S.A. - Brasil, Bolsa, Balcão.;21/04/1988;;Básico;21/04/1988;
82.636.986/0001-55;01/01/2020;1;93956;Ações Preferenciais;;;TEKA4;;Bolsa;B3;B3 S.A. - Brasil, Bolsa, Balcão.;21/04/1988;;Básico;21/04/1988;
82.640.558/0001-04;01/01/2020;1;94112;Ações Ordinárias;;;CTKA3;;Bolsa;B3;B3 S.A. - Brasil, Bolsa, Balcão.;29/12/1971;;Básico;29/12/1971;
82.640.558/0001-04;01/01/2020;1;94112;Ações Preferenciais;;;CTKA4;;Bolsa;B3;B3 S.A. - Brasil, Bolsa, Balcão.;29/12/1971;;Básico;29/12/1971;
82.643.537/0001-34;01/01/2020;3;99788;Ações Ordinárias;;;EALT3;;Bolsa;B3;B3 S.A. - Brasil, Bolsa, Balcão.;20/04/1974;;Nível 2 de Governança Corporativa;20/04/1974;
82.643.537/0001-34;01/01/2020;3;99788;Ações Preferenciais;PNA;Preferencial Classe A;EALT4;;Bolsa;B3;B3 S.A. - Brasil, Bolsa, Balcão.;20/04/1974;;Nível 2 de Governança Corporativa;20/04/1974;
82.901.000/0001-27;01/01/2020;2;99918;Ações Ordinárias;;;INTB3;;Bolsa;B3;B3 S.A. - Brasil, Bolsa, Balcão.;04/02/2021;;Novo Mercado;04/02/2021;
82.982.075/0001-80;01/01/2020;1;95835;Ações Ordinárias;;;TRXR3;;Bolsa;B3;B3 S.A. - Brasil, Bolsa, Balcão.;11/08/1969;;Básico;11/08/1969;
82.982.075/0001-80;01/01/2020;1;95835;Ações Preferenciais;;;TXRX4;;Bolsa;B3;B3 S.A. - Brasil, Bolsa, Balcão.;11/08/1969;;Básico;11/08/1969;
83.475.913/0001-91;01/01/2020;3;96951;Ações Ordinárias;;;PTBL3;;Bolsa;B3;B3 S.A. - Brasil, Bolsa, Balcão.;30/04/2008;;Novo Mercado;30/04/2008;
83.878.892/0001-55;01/01/2020;2;95838;Ações Ordinárias;;;CLSC3;;Bolsa;B3;B3 S.A. - Brasil, Bolsa, Balcão.;26/06/2002;;Nível 2 de Governança Corporativa;26/03/1973;
83.878.892/0001-55;01/01/2020;2;95838;Ações Preferenciais;;;CLSC4;;Bolsa;B3;B3 S.A. - Brasil, Bolsa, Balcão.;26/06/2002;;Nível 2 de Governança Corporativa;26/03/1973;
84.429.695/0001-11;01/01/2020;2;97808;Ações Ordinárias;;;WEGE3;;Bolsa;B3;B3 S.A. - Brasil, Bolsa, Balcão.;22/06/2007;;Novo Mercado;22/06/2007;
84.683.374/0001-49;01/01/2020;2;99805;Ações Ordinárias;;;TUPY3;;Bolsa;B3;B3 S.A. - Brasil, Bolsa, Balcão.;30/10/2013;;Novo Mercado;01/07/1966;
84.683.408/0001-03;01/01/2020;1;95353;Ações Ordinárias;;;DOHL3;;Bolsa;B3;B3 S.A. - Brasil, Bolsa, Balcão.;26/12/1973;;Básico;26/12/1973;
84.683.408/0001-03;01/01/2020;1;95353;Ações Preferenciais;;;DOHL4;;Bolsa;B3;B3 S.A. - Brasil, Bolsa, Balcão.;26/12/1973;;Básico;26/12/1973;
84.683.671/0001-94;01/01/2020;3;98856;Ações Ordinárias;;;MWET3;;Bolsa;B3;B3 S.A. - Brasil, Bolsa, Balcão.;09/10/1984;;Básico;09/10/1984;
84.683.671/0001-94;01/01/2020;3;98856;Ações Preferenciais;;;MWET4;;Bolsa;B3;B3 S.A. - Brasil, Bolsa, Balcão.;09/10/1984;;Básico;09/10/1984;
84.693.183/0001-68;01/01/2020;2;92894;Ações Ordinárias;;;SHUL3;;Bolsa;B3;B3 S.A. - Brasil, Bolsa, Balcão.;19/12/1994;;Básico;19/12/1994;
84.693.183/0001-68;01/01/2020;2;92894;Ações Preferenciais;PNU;Preferencial Classe U;SHUL4;;Bolsa;B3;B3 S.A. - Brasil, Bolsa, Balcão.;19/12/1994;;Básico;19/12/1994;
85.778.074/0001-06;01/01/2020;2;91708;Ações Ordinárias;;;RSUL3;;Bolsa;B3;B3 S.A. - Brasil, Bolsa, Balcão.;29/11/1988;;Básico;29/11/1988;
85.778.074/0001-06;01/01/2020;2;91708;Ações Preferenciais;PNA;Preferencial Classe A;RSUL4;;Bolsa;B3;B3 S.A. - Brasil, Bolsa, Balcão.;29/11/1988;;Básico;29/11/1988;
86.375.425/0001-09;01/01/2020;2;94413;Ações Ordinárias;;;MTSA3;;Bolsa;B3;B3 S.A. - Brasil, Bolsa, Balcão.;18/05/1971;;Básico;18/05/1971;
86.375.425/0001-09;01/01/2020;2;94413;Ações Preferenciais;;;MTSA4;;Bolsa;B3;B3 S.A. - Brasil, Bolsa, Balcão.;18/05/1971;;Básico;18/05/1971;
86.550.951/0001-50;01/01/2020;2;96546;Ações Ordinárias;;;FRTA3;;Bolsa;B3;B3 S.A. - Brasil, Bolsa, Balcão.;28/02/2005;;Novo Mercado;28/02/2005;
87.456.562/0001-22;01/01/2020;1;93274;Ações Ordinárias;;;JOPA3;;Bolsa;B3;B3 S.A. - Brasil, Bolsa, Balcão.;02/01/1989;;Básico;21/12/1988;
87.456.562/0001-22;01/01/2020;1;93274;Ações Preferenciais;;;JOPA4;;Bolsa;B3;B3 S.A. - Brasil, Bolsa, Balcão.;02/01/1989;;Básico;21/12/1988;
87.762.563/0001-03;01/01/2020;1;93247;Ações Preferenciais;PNA;Preferencial Classe A;HBTS5;;Bolsa;B3;B3 S.A. - Brasil, Bolsa, Balcão.;19/04/1982;;Básico;19/04/1982;
88.610.126/0001-29;01/01/2020;1;94459;Ações Ordinárias;;;FRAS3;;Bolsa;B3;B3 S.A. - Brasil, Bolsa, Balcão.;01/01/2010;;Nível 1 de Governança Corporativa;20/07/1977;
88.610.191/0001-54;01/01/2020;1;90488;Ações Ordinárias;;;MNDL3;;Bolsa;B3;B3 S.A. - Brasil, Bolsa, Balcão.;12/12/1979;;Básico;12/12/1979;
88.611.835/0001-29;01/01/2020;2;99784;Ações Ordinárias;;;POMO3;;Bolsa;B3;B3 S.A. - Brasil, Bolsa, Balcão.;03/09/2002;;Nível 2 de Governança Corporativa;24/04/1978;
88.611.835/0001-29;01/01/2020;2;99784;Ações Preferenciais;;;POMO4;;Bolsa;B3;B3 S.A. - Brasil, Bolsa, Balcão.;03/09/2002;;Nível 2 de Governança Corporativa;24/04/1978;
88.613.658/0001-10;01/01/2020;2;99818;Ações Ordinárias;;;PTNT3;;Bolsa;B3;B3 S.A. - Brasil, Bolsa, Balcão.;04/02/1981;;Básico;04/02/1981;
88.613.658/0001-10;01/01/2020;2;99818;Ações Preferenciais;;;PTNT4;;Bolsa;B3;B3 S.A. - Brasil, Bolsa, Balcão.;04/02/1981;;Básico;04/02/1981;
89.086.144/0001-16;01/01/2020;1;94014;Ações Ordinárias;;;RAPT3;;Bolsa;B3;B3 S.A. - Brasil, Bolsa, Balcão.;01/01/2010;;Nível 1 de Governança Corporativa;05/02/1993;
89.086.144/0001-16;01/01/2020;1;94014;Ações Preferenciais;PNA;Preferencial Classe A;RAPT4;;Bolsa;B3;B3 S.A. - Brasil, Bolsa, Balcão.;01/01/2010;;Nível 1 de Governança Corporativa;05/02/1993;
89.096.457/0001-55;01/01/2020;1;93885;Ações Ordinárias;;;SLCE3;;Bolsa;B3;B3 S.A. - Brasil, Bolsa, Balcão.;12/06/2007;;Novo Mercado;12/06/2007;
89.463.822/0001-12;01/01/2020;1;93483;Ações Ordinárias;;;LUPA3;;Bolsa;B3;B3 S.A. - Brasil, Bolsa, Balcão.;15/05/2006;;Novo Mercado;15/05/2006;
89.637.490/0001-45;01/01/2020;1;90286;Units;;;KLBN11;1 KLBN3 + 4 KLBN4;Bolsa;B3;B3 S.A. - Brasil, Bolsa, Balcão.;07/01/2014;;Nível 2 de Governança Corporativa;28/11/2013;
89.850.341/0001-60;01/01/2020;4;95673;Ações Ordinárias;;;GRND3;;Bolsa;B3;B3 S.A. - Brasil, Bolsa, Balcão.;28/10/2004;;Novo Mercado;28/10/2004;
90.076.886/0001-40;01/01/2020;2;97660;Ações Ordinárias;;;MNPR3;;Bolsa;B3;B3 S.A. - Brasil, Bolsa, Balcão.;21/12/1990;;Básico;21/12/1990;
90.400.888/0001-42;01/01/2020;1;92528;Units;;;SANB11;1 ON + 1 PN;Bolsa;B3;B3 S.A. - Brasil, Bolsa, Balcão.;31/10/2014;;Básico;07/10/2009;
90.441.460/0001-48;01/01/2020;2;99727;Ações Ordinárias;;;UCAS3;;Bolsa;B3;B3 S.A. - Brasil, Bolsa, Balcão.;27/04/2012;;Novo Mercado;27/04/2012;
91.333.666/0001-17;01/01/2020;3;99820;Ações Ordinárias;;;RCSL3;;Bolsa;B3;B3 S.A. - Brasil, Bolsa, Balcão.;20/12/1985;;Básico;20/12/1985;
91.333.666/0001-17;01/01/2020;3;99820;Ações Preferenciais;;;RCSL4;;Bolsa;B3;B3 S.A. - Brasil, Bolsa, Balcão.;20/12/1985;;Básico;20/12/1985;
91.495.499/0001-00;01/01/2020;1;94255;Ações Ordinárias;;;24201A;;Bolsa;B3;B3 S.A. - Brasil, Bolsa, Balcão.;18/09/2017;;Bovespa Mais;18/09/2017;
91.669.747/0001-92;01/01/2020;2;91309;Ações Ordinárias;;;FNCN3;;Bolsa;B3;B3 S.A. - Brasil, Bolsa, Balcão.;01/03/2020;;Básico;01/03/2020;
91.983.056/0001-69;01/01/2020;3;98795;Ações Ordinárias;;;KEPL3;;Bolsa;B3;B3 S.A. - Brasil, Bolsa, Balcão.;15/12/1980;;Básico;15/12/1980;
92.012.467/0001-70;01/01/2020;1;91290;Ações Ordinárias;;;CGRA4;;Bolsa;B3;B3 S.A. - Brasil, Bolsa, Balcão.;31/01/1979;;Básico;31/01/1979;
92.012.467/0001-70;01/01/2020;1;91290;Ações Preferenciais;;;CGRA4;;Bolsa;B3;B3 S.A. - Brasil, Bolsa, Balcão.;31/01/1979;;Básico;31/01/1979;
92.660.570/0001-26;01/01/2020;3;94769;Ações Ordinárias;;;8192;;Bolsa;B3;B3 S.A. - Brasil, Bolsa, Balcão.;15/12/1980;;Básico;15/12/1980;
92.660.570/0001-26;01/01/2020;3;94769;Ações Preferenciais;;;8192;;Bolsa;B3;B3 S.A. - Brasil, Bolsa, Balcão.;15/12/1980;;Básico;15/12/1980;
92.665.611/0001-77;01/01/2020;3;99314;Ações Ordinárias;;;PNVL3;;Bolsa;B3;B3 S.A. - Brasil, Bolsa, Balcão.;20/07/1977;;Básico;20/07/1977;
92.665.611/0001-77;01/01/2020;3;99314;Ações Preferenciais;;;PNVL4;;Bolsa;B3;B3 S.A. - Brasil, Bolsa, Balcão.;20/07/1977;;Básico;20/07/1977;
92.690.783/0001-09;01/01/2020;1;93577;Ações Ordinárias;;;GOAU3;;Bolsa;B3;B3 S.A. - Brasil, Bolsa, Balcão.;17/05/1968;;Nível 1 de Governança Corporativa;17/05/1968;
92.690.783/0001-09;01/01/2020;1;93577;Ações Preferenciais;;;GOAU4;;Bolsa;B3;B3 S.A. - Brasil, Bolsa, Balcão.;17/05/1968;;Nível 1 de Governança Corporativa;17/05/1968;
92.693.019/0001-89;01/01/2020;1;91243;Ações Ordinárias;;;PATI3;;Bolsa;B3;B3 S.A. - Brasil, Bolsa, Balcão.;29/12/1971;;Básico;29/12/1971;
92.693.019/0001-89;01/01/2020;1;91243;Ações Preferenciais;;;PATI4;;Bolsa;B3;B3 S.A. - Brasil, Bolsa, Balcão.;29/12/1971;;Básico;29/12/1971;
92.702.067/0001-96;01/01/2020;5;102891;Ações Ordinárias;;;BRSR3;;Bolsa;B3;B3 S.A. - Brasil, Bolsa, Balcão.;31/07/2007;;Nível 1 de Governança Corporativa;16/09/1931;
92.702.067/0001-96;01/01/2020;5;102891;Ações Preferenciais;PNB;Preferencial Classe B;BRSR6;;Bolsa;B3;B3 S.A. - Brasil, Bolsa, Balcão.;31/07/2007;;Nível 1 de Governança Corporativa;31/07/2007;
92.702.067/0001-96;01/01/2020;5;102891;Ações Preferenciais;PNA;Preferencial Classe A;BRSR5;;Bolsa;B3;B3 S.A. - Brasil, Bolsa, Balcão.;31/07/2007;;Nível 1 de Governança Corporativa;31/07/2007;
92.715.812/0001-31;01/01/2020;3;93118;Ações Ordinárias;;;EEEL3;;Bolsa;B3;B3 S.A. - Brasil, Bolsa, Balcão.;23/12/2010;;Nível 1 de Governança Corporativa;23/12/2010;
92.715.812/0001-31;01/01/2020;3;93118;Ações Preferenciais;;;EEEL4;;Bolsa;B3;B3 S.A. - Brasil, Bolsa, Balcão.;23/12/2010;;Nível 1 de Governança Corporativa;23/12/2010;
92.749.225/0001-63;01/01/2020;1;90490;Ações Ordinárias;;;HETA3;;Bolsa;B3;B3 S.A. - Brasil, Bolsa, Balcão.;01/11/1968;;Básico;01/11/1968;
92.749.225/0001-63;01/01/2020;1;90490;Ações Preferenciais;PNA;Preferencial Classe A;HETA4;;Bolsa;B3;B3 S.A. - Brasil, Bolsa, Balcão.;01/11/1968;;Básico;01/11/1968;
92.754.738/0001-62;01/01/2020;3;96869;Ações Ordinárias;;;LREN3;;Bolsa;B3;B3 S.A. - Brasil, Bolsa, Balcão.;01/07/2005;;Novo Mercado;07/04/1988;
92.781.335/0001-02;01/01/2020;2;92846;Ações Ordinárias;;;TASA3;;Bolsa;B3;B3 S.A. - Brasil, Bolsa, Balcão.;08/07/2011;;Nível 2 de Governança Corporativa;02/03/1982;
92.781.335/0001-02;01/01/2020;2;92846;Ações Preferenciais;PNA;Preferencial Classe A;TASA4;;Bolsa;B3;B3 S.A. - Brasil, Bolsa, Balcão.;08/07/2011;;Nível 2 de Governança Corporativa;02/03/1982;
92.791.243/0001-03;01/01/2020;3;98624;Ações Ordinárias;;;RANI3;;Bolsa;B3;B3 S.A. - Brasil, Bolsa, Balcão.;20/07/1977;;Básico;20/07/1977;
92.791.243/0001-03;01/01/2020;3;98624;Ações Preferenciais;;;RANI4;;Bolsa;B3;B3 S.A. - Brasil, Bolsa, Balcão.;20/07/1977;;Básico;20/07/1977;
92.929.520/0001-00;01/01/2020;2;97003;Ações Ordinárias;;;SPRI3;;Bolsa;B3;B3 S.A. - Brasil, Bolsa, Balcão.;01/01/2010;;Básico;01/01/2010;
92.929.520/0001-00;01/01/2020;2;97003;Ações Preferenciais;PNA;Preferencial Classe A;SPRI5;;Bolsa;B3;B3 S.A. - Brasil, Bolsa, Balcão.;01/01/2010;;Básico;01/01/2010;
92.929.520/0001-00;01/01/2020;2;97003;Ações Preferenciais;PNB;Preferencial Classe B;SPRI6;;Bolsa;B3;B3 S.A. - Brasil, Bolsa, Balcão.;01/01/2010;;Básico;01/01/2010;
93.828.986/0001-73;01/01/2020;2;95212;Ações Ordinárias;;;713854;;Bolsa;B3;B3 S.A. - Brasil, Bolsa, Balcão.;28/06/1991;;Nível 1 de Governança Corporativa;28/06/1991;
93.828.986/0001-73;01/01/2020;2;95212;Ações Preferenciais;PNA;Preferencial Classe A;713854;;Bolsa;B3;B3 S.A. - Brasil, Bolsa, Balcão.;28/06/1991;;Nível 1 de Governança Corporativa;28/06/1991;
95.426.862/0001-97;01/01/2020;1;91208;Ações Ordinárias;;;BAUH3;;Bolsa;B3;B3 S.A. - Brasil, Bolsa, Balcão.;01/08/1995;;Básico;01/08/1995;
95.426.862/0001-97;01/01/2020;1;91208;Ações Preferenciais;PNA;Preferencial Classe A;BAUH4;;Bolsa;B3;B3 S.A. - Brasil, Bolsa, Balcão.;01/08/1995;;Básico;01/08/1995;
96.418.264/0218-02;01/01/2020;2;95847;Ações Ordinárias;;;LJQQ3;;Bolsa;B3;B3 S.A. - Brasil, Bolsa, Balcão.;10/08/2020;;Novo Mercado;10/08/2020;
97.191.902/0001-94;01/01/2020;2;99992;Ações Ordinárias;;;ODER3;;Bolsa;B3;B3 S.A. - Brasil, Bolsa, Balcão.;19/04/2020;;Básico;08/09/1971;
97.191.902/0001-94;01/01/2020;2;99992;Ações Preferenciais;;;ODER4;;Bolsa;B3;B3 S.A. - Brasil, Bolsa, Balcão.;19/04/2000;;Básico;08/09/1971;
97.837.181/0001-47;01/01/2020;1;95491;Ações Ordinárias;;;DTEX3;;Bolsa;B3;B3 S.A. - Brasil, Bolsa, Balcão.;21/09/2007;;Novo Mercado;21/09/2007;
